id,projectId,category,name,details,sortOrder
00883586-36dd-42de-9daa-c401b27b8a8a,a3af1f05-e6bb-4a25-a7be-1f9115867304,MAINTENANCE,Professional Maintenance,,0
0228f8ec-9105-4a09-b565-9b1e1cef6f18,20e1a7ff-2d5a-4bb7-b658-2b0c95a02d42,Wellness,700 Trees,"comprising 33 different species throughout the estate ",0
04930242-24e4-48cb-a9e5-db1702f50757,728db93d-8501-488a-a01b-8917095530a1,POOL,Infinity-edge Swimming Pool,,0
050ff50b-2a70-4d3c-b918-af19541217fb,049251cb-0089-4e71-8624-88c23074f082,CLUBHOUSE,"75,000 Sq.Ft. Iconic Clubhouse","Multipurpose zones, lounges, mini theatre, events venues",0
05f426b3-5e78-44fa-ab70-d85e9bac3a60,8eab2ac6-fbc3-450e-b4a9-16ae669df765,POOL,Indoor Heated Pool,,0
06bb5f75-307c-4543-93a5-de2637e5ea37,d6239c57-d7ed-4da1-84cc-3330b1ea324c,OUTDOOR,Landscaped Zones,,0
08055449-c17a-4689-bdf5-daea38fcb0a2,7a117c0f-16eb-4536-a0a6-028271a06f3b,SECURITY,"Multi-tier Security, CCTV, Controlled Access",,0
0970a14b-2709-45cc-a7f3-6a43ddc5331b,7a117c0f-16eb-4536-a0a6-028271a06f3b,FITNESS,Multi-functional Gym,,0
0c581326-f221-4ad5-ac45-8054ae373956,60fb584b-a3b6-4ade-9adb-8eb02508682d,KIDS,Dedicated Kids’ Play Area,,0
0c665d8e-6f1a-4bfa-a857-d1d9b6f3d129,982ed68a-ba24-4226-b101-01e7f90de70a,Connectivity,Wide Road Access,"60-80m wide entry from Sohna Road, links to Golf Course Extension Road and NH-48",0
0c7f1325-a885-41e1-8e49-6d48764b1f18,c05bb44a-4d96-4c65-9703-923dd67a4b91,SAFETY,Video Door Phone,Secure visitor verification system for all residences.,0
0c8eef9e-dd64-44b6-b072-7cea11cfa5bb,c05bb44a-4d96-4c65-9703-923dd67a4b91,RECREATION,Indoor & Outdoor Sports,"Facilities for badminton, squash, yoga/meditation hall, jogging track, and kids play area.",0
0d6bd7d9-e0a1-4b3b-bbf2-df937fb07b5f,ead71e2f-5982-4c58-b243-5e9cd88d9fe9,SECURITY,"24x7 Security, Concierge & Valet",,0
105dacef-0d6b-45b4-9ace-8d5adff2e08e,6b799d00-5a0b-4a72-be56-4bd7c78352b0,GAME ROOM,Indoor Games Room,,0
10c5517c-30de-4825-859d-fce9616f368d,d6239c57-d7ed-4da1-84cc-3330b1ea324c,DINING,Dining & Food Court,,0
116c9edc-22fa-4471-b47b-9da2799b1ec3,c05bb44a-4d96-4c65-9703-923dd67a4b91,LIVING,Modular Kitchen with VRV AC,Fully equipped modern kitchens and advanced air conditioning systems in every apartment.,0
11fd5e0a-3b7d-4062-9226-53d5371fa6da,f9b16292-de07-471d-9d9c-d9f92bd44692,OBSERVATORY,Observatory Deck,,0
128b17c4-f631-4640-80de-dbe7c51c26d6,6b1c33af-b1a9-49a4-a9ca-6fa3545214f2,SPORTS,Bowling & Courts,"Bowling alley, squash court, multi-sports area",0
12f40cf6-bf01-4e0c-b00c-f6c3759a5b7c,ef4d244d-fb32-42d7-a4be-0f515c4ed2c8,KIDS,Kids Play & Learning Areas,,0
136499fc-99fb-415a-8411-630f3002fbd7,60fb584b-a3b6-4ade-9adb-8eb02508682d,COMMUNITY,"Multipurpose Hall, Business Lounge",,0
14763170-3b46-4c9b-b06b-17585da2b075,d2afb735-8465-414a-924f-a7226ea3319a,FITNESS,"11,000 Sq.Ft. Gym & Fitness Studio",,0
14f38a7f-8fa4-4f48-997d-edeaf57fbc86,7dd8456b-dfd9-4960-bf55-5f165feaf48e,Services,Resort,"Managed by 5 Start Resort & Backed by Rental Commitment ",3
150bbba1-811a-4efd-a788-07a8aae73c89,491d8e64-e144-40cd-bf4b-0273fc49acf7,CLUBHOUSE,Lounge & Clubhouse,,0
1529ec93-dd25-468f-ab63-bb1004ccb720,4c17e492-2ed5-478e-82e3-2756706a85f9,Retail,High-Street Retail Shops,,0
153586a6-2552-4f42-990e-2a4800924c71,d6239c57-d7ed-4da1-84cc-3330b1ea324c,LOBBY,Grand Lobby & Reception,,0
1542fdd2-5a7a-4545-8f08-9d603b38b6dd,d2afb735-8465-414a-924f-a7226ea3319a,COMMUNITY,"Banquet Hall, Guest Suites, Theatre",,0
16d954ff-8b13-4f0c-ae12-b355e2fb82b9,bfdbaac8-419e-473e-ae73-6edd80f14387,KITCHEN,Fully Modular Kitchen,"Premium white woods finish, high-end appliances",0
17097643-c3d9-432f-ab56-bffed27aab71,a9fb2cee-4190-4f2f-9940-8be2199e38e3,FITNESS,"Equipped Gym, Spa & Salon",,0
19e9d730-2ce7-4ad7-abfb-e2c25c93916f,f9b16292-de07-471d-9d9c-d9f92bd44692,FITNESS,Gymnasium Overlooking Greens,,0
1a2bcda0-2e92-4178-9dc3-1e7b46154a24,90c0031f-c707-4bed-b8f7-75f690c2b088,FITNESS,Gym & Fitness Center,,0
1a43d202-137d-4af2-b522-ab74959ab723,ef4d244d-fb32-42d7-a4be-0f515c4ed2c8,PARKING,3-Level Parking,"EV Charging, Guest Parking",0
1a791947-f891-4bf1-861c-e794992389c0,491d8e64-e144-40cd-bf4b-0273fc49acf7,FITNESS,Gymnasium,,0
1a97c8d4-35f6-43a0-b9ec-45ebfb532b13,20e1a7ff-2d5a-4bb7-b658-2b0c95a02d42,Infrastructure,1 lac sq.ft,Amenities,0
1bdb8079-28df-4ca6-9fb8-72d32a25fc72,491d8e64-e144-40cd-bf4b-0273fc49acf7,UTILITY,Power Backup,,0
1dc31c69-2af8-40e6-b44d-4e4e0211b092,bfdbaac8-419e-473e-ae73-6edd80f14387,SMART,Smart Home Automation,"Intelligent access, security & comfort controls",0
1dd31fa8-2046-430a-89ee-d27ef3de359b,6abc2559-f9b4-4173-97fe-9b5e70f47bb1,LIFESTYLE,Social Clubhouse & Lawns,"Classical British-style clubhouse, banquet, party lawns, lounge",0
1e3bf5cc-d9d6-4b9b-a6c7-d720356fe79d,d2afb735-8465-414a-924f-a7226ea3319a,KIDS,"Kids’ Play Zones, Robotics Lab, Study Area",,0
201a032d-3e48-49a0-90be-42cb02758934,0d428cdd-2dcd-46ea-85ec-98471e318483,COMMUNITY,"Multipurpose Hall, Indoor Games Room""",,6
2067b6f4-4c1a-43c2-b52b-3c07feda5cba,b78f7b94-2629-4566-b8a8-a14b578d3434,FITNESS,Indoor & Outdoor Gymnasium,Modern fitness equipment,0
209aafd1-4f60-455b-8828-637e0bdbc818,0ef5cdef-6f02-4591-a386-553534d6cce0,WELLNESS,Modern Gymnasium,,0
213ced31-e14c-422a-9235-37fa673eb134,3fed7102-bc0c-4fe5-a6b4-b30868757223,FITNESS,"Gym, Yoga & Wellness Center","Modern gym, yoga retreat, meditation spaces, and spa",0
21ccef32-bcbe-4f3b-9b1c-da74f55b93dc,d9401432-af8d-41fc-8230-594a70cc2a98,RESTROOMS,Restrooms,,0
2426eb42-e540-40ea-aadf-158843fb8b1f,ef4d244d-fb32-42d7-a4be-0f515c4ed2c8,FITNESS,Professional Gymnasium,,0
24a4c1e9-3c40-40d5-94bf-7836773efaf1,f9b16292-de07-471d-9d9c-d9f92bd44692,BARBEQUE,Barbeque Zone,,0
2617106d-b5a9-45e1-9776-196d65efd798,d0e6ac5d-365e-4efb-87da-97f37581be3a,CLUBHOUSE,"Luxury Clubhouse 60,000 SqFt+",,0
261baa06-5999-4653-b16d-11225d19613a,bd535d19-6a06-45cc-a692-3d56849d8e89,SPA,"Premium Spa, Jacuzzi & Sauna",,0
26640cdb-9eba-4374-9fb9-906577d78ce9,e59debce-1f67-4a5f-ab7e-613fe1441982,Retail,F&B and Retails,"Fine Dining Restaurant, Private Dining Rooms,  Convenience Store",0
26aa15ad-b91d-4890-a64e-35ccb2e28333,e59debce-1f67-4a5f-ab7e-613fe1441982,Retail,"3 Club ",And Amenitics Zones,0
279a21be-ac23-4837-9031-01c7e1edad45,b78f7b94-2629-4566-b8a8-a14b578d3434,GARDEN,Landscaped Central Greens & Water Features,"Reflective ponds, senior wellness parks",0
29efaa14-e2ea-48ab-96e2-cde1e50755d6,491d8e64-e144-40cd-bf4b-0273fc49acf7,SECURITY,24x7 Security,,0
2ad4f52d-7bb7-493d-b461-c44c5a550237,bccdee7e-3f5d-4e88-a0c9-070942334caa,SMART,Smart Home Integration,"Automated controls for lighting, security, energy",0
2b1b4c13-72a0-42b1-b52c-0877f33a08d8,a3af1f05-e6bb-4a25-a7be-1f9115867304,RETAIL,Shopping Paradise,,0
2d8a1bde-3b81-4fcb-ad02-625b55051ee8,0ef5cdef-6f02-4591-a386-553534d6cce0,SAFETY,24x7 Security,,0
2ef38a29-9797-4cca-bdfb-017e01f603c1,bd535d19-6a06-45cc-a692-3d56849d8e89,GREEN,"75% Land as Open Green, Central Park",,0
31b3e064-2436-412a-ac2a-ea28122a755e,8eab2ac6-fbc3-450e-b4a9-16ae669df765,GARDEN,"Zen Garden, Yoga Room",,0
31eccbe8-665b-4e6c-b741-bddb9b26a270,bfdbaac8-419e-473e-ae73-6edd80f14387,SECURITY,3-Tier Security,"24x7 surveillance, secured entrances, gated access",0
32ab7445-9e0c-417d-b0ff-597a1a24c21c,8853edc1-08b4-4512-b7d8-5e10800896fe,EVENTS,Private Lift,,0
32daa11f-c53b-4b7d-9132-1986bc167f97,0ef5cdef-6f02-4591-a386-553534d6cce0,ENTERTAINMENT,Video Game Arena,,0
3343c01f-ad31-4481-a62b-c65493d6c60e,254b6fe9-2325-4bb5-a35d-b214cb88764d,KIDS,Kids Play Zone,,0
34d46e2f-2ca9-4781-8fd2-10b96d9ef108,bfdbaac8-419e-473e-ae73-6edd80f14387,EVENT,Banquet & Event Spaces,Multipurpose halls for private and social gatherings,0
39ae70ff-8bc4-41e0-affe-16dab7494ccb,90c0031f-c707-4bed-b8f7-75f690c2b088,SPORTS,Sports Courts,,0
3ac47c6f-b479-4f68-ab57-8c723508cb1a,c05bb44a-4d96-4c65-9703-923dd67a4b91,CONNECTIVITY,Fiber Optic Internet,High-speed fiber optic connectivity for seamless internet access.,0
3bdb0f43-a32e-4bdd-8cf4-df3424fbafcf,06e0aa61-ef5c-4892-beec-a5a1df6ec52c,Wellness,Swimming Pool & Spa,"Outdoor pool deck, spa center, kids' water play, sauna, and steam rooms",0
3c2f5068-296e-4583-8fab-d7b501f0e9ff,a44c5240-3c6f-4c6a-96ee-8ac62af3511e,RELAXATION,Mini Theatre & Game Lounge,,0
3d25ced4-2430-4435-9346-ac3db0f279dd,0ef5cdef-6f02-4591-a386-553534d6cce0,SPORTS,Basketball Court,,0
3dca958e-315d-4cbf-bfaa-2a507fe1bae1,0ef5cdef-6f02-4591-a386-553534d6cce0,OUTDOOR,Landscaped Gardens,,0
3e1e6306-b5cb-4746-9d9c-7bc3a2659c43,0ef5cdef-6f02-4591-a386-553534d6cce0,FITNESS,Dance/Zumba Studio,,0
3fdef48b-3576-43df-8730-cd943379ac20,37475cb7-21c0-4c64-ba62-5174ca162a47,Wellness,Yoga & Meditation Zones,"Dedicated spaces for yoga, meditation, relaxation, and wellness therapies.",0
3fdf2733-a2a4-400a-9fb7-7e9004e1b96d,d0e6ac5d-365e-4efb-87da-97f37581be3a,KIDS,Indoor & Outdoor Play Zones,,0
412a2896-d4f2-4170-aacf-a3520ae01bb4,a0526302-80d5-40e4-ba4f-0e030521e651,DINING,Food Courts,,0
420c1f50-ee31-4ceb-b387-f43404c28efa,0ef5cdef-6f02-4591-a386-553534d6cce0,WATER,Rainwater Harvesting,,0
4224a8d9-451b-4564-b647-5cf1b52b13b4,bd535d19-6a06-45cc-a692-3d56849d8e89,SPORTS,"Tennis, Badminton, Cycling, Jogging Track",,0
425b0bfe-3f27-448b-aff3-0727140493a2,a44c5240-3c6f-4c6a-96ee-8ac62af3511e,SECURITY,Smart Security with CCTV & Biometric Access,,0
4311320e-93e1-4320-8621-e08a965084d2,8e7d9d67-660b-4099-b583-f39f14bf9a26,FITNESS,Sports Facilities,"Multi-use volleyball, basketball, badminton courts, cricket pitch, jogging track, outdoor gym",0
44080f64-f774-4283-a076-07477eb6d496,0d428cdd-2dcd-46ea-85ec-98471e318483,CLUB,Luxury Clubhouse,,0
45aed28f-c8f4-41c7-9b5e-5d11e3d6af53,d9401432-af8d-41fc-8230-594a70cc2a98,OUTDOOR,Outdoor Spaces,,0
47f127e5-5f8f-44aa-bf13-1011a58c20a3,6b1c33af-b1a9-49a4-a9ca-6fa3545214f2,GREEN,Zen Gardens & Landscaped Parks,"Lush landscaping, jogging/cycling tracks, kids' play zone",0
47f62a15-fa51-4296-9d82-5f72d9048c40,a9fb2cee-4190-4f2f-9940-8be2199e38e3,CLUBHOUSE,Luxury Club House,1.25 lac sq.ft clubhouse with multiple facilities,0
48e482af-a2eb-4b46-8829-7039e0b59ee2,2a2c45d5-0f68-459c-a286-0509b7bb6073,CLUBHOUSE,Contemporary Clubhouse,"Multipurpose event spaces, business center, lounges",0
4a20a6ac-9714-46d4-be4e-60facd7c8eae,7a117c0f-16eb-4536-a0a6-028271a06f3b,SPORTS,"Badminton, Squash, Cricket, Tennis Courts",,0
4ac10ae1-ed78-47b8-a5aa-fcb44d1c24dc,12ae60bb-6415-427c-86ad-adcb52eb5a8f,Lifestyle,Clubhouse,"Spread over 40,000 sq.ft., includes pool, gym, spa, lounge, fine dining and banquet facilities.",0
4b47f8bc-76d4-4852-a551-945168e3992a,bccdee7e-3f5d-4e88-a0c9-070942334caa,FITNESS,State-of-the-Art Gym,"Latest equipment, trainers",0
4b97685d-1f6c-42a8-9e7f-e250d698e1a3,4c17e492-2ed5-478e-82e3-2756706a85f9,Entertainment,"Multiplex, Play & Event Zones",,0
4bccb66d-2cee-42b1-8fd7-c7dc71cb1e24,90c0031f-c707-4bed-b8f7-75f690c2b088,PARKING,Ample Parking,,0
4c563ecc-bb5e-4378-a711-3e42955cc801,8e7d9d67-660b-4099-b583-f39f14bf9a26,NATURE,Miyawaki Forest & Reflexology Path,"Dense native tree section, sky gardens, Vastu-compliant green zones",0
4f76e300-5084-484e-b14d-ab1830ed2928,37475cb7-21c0-4c64-ba62-5174ca162a47,Sports,Sports Courts,"Badminton, tennis, basketball, cricket pitch, jogging track, and landscaped gardens.",0
4fec3d61-4f2a-4d95-a4de-cfc035e77d8d,bccdee7e-3f5d-4e88-a0c9-070942334caa,WELLNESS,Central Lagoon & Pool,"Swimming pools, spa, sun decks",0
5078768a-3a42-4ad5-a9f6-e164bf58e9bd,a44c5240-3c6f-4c6a-96ee-8ac62af3511e,BUSINESS,Co-working & Business Centre,,0
50990229-ecc7-4879-b0d7-29d8574e1bbf,6b799d00-5a0b-4a72-be56-4bd7c78352b0,KIDS PLAY,Children's Play Area,,0
528aa5a4-0ed8-466b-8c43-1dbeb0e71aa2,ae24318b-3030-428a-94f6-c9c93e7789f6,COMMUNITY,Banquet Hall & Café,"Social Club Drop-off, Guest Parking",0
53a6841f-edd4-414c-af08-71b09933e5fc,bd535d19-6a06-45cc-a692-3d56849d8e89,SECURITY,"5-Tier Security, Concierge & Valet",,0
53f44492-3be6-4ed5-82e3-f3a19ab3487b,12ae60bb-6415-427c-86ad-adcb52eb5a8f,Essential,Safety & Convenience,"Multi-tier security, power backup, WiFi, intercom, ample parking, gas pipeline",0
549a3c64-7f37-4984-b209-c47194c8f26d,bd535d19-6a06-45cc-a692-3d56849d8e89,CLUBHOUSE,2 Lakh Sq.Ft. Multi-Dome Clubhouse,,0
55c5c143-7833-4491-ae62-2c6b178a2061,ef4d244d-fb32-42d7-a4be-0f515c4ed2c8,GARDEN,"Central Courtyard, Tropical Garden",,0
586c33f4-ab68-4aa4-b986-30a366784671,d6239c57-d7ed-4da1-84cc-3330b1ea324c,SECURITY,24x7 Security,,0
5ad0cc94-e629-4a19-947b-d37282ca2257,7c97e410-c9ab-43a3-bd32-65a83a08fd8b,Security,24x7 Security,Gated commercial complex with modern security systems.,0
5b4424df-1ab7-46a7-bde1-073acb72c357,ef4d244d-fb32-42d7-a4be-0f515c4ed2c8,CLUBHOUSE,"Clubhouse 70,000+ Sq.Ft.","Banquet, Café, Lounges, Business Center",0
5c5b06ff-3b6b-4d3f-9851-45510dd20592,37475cb7-21c0-4c64-ba62-5174ca162a47,Recreation,Children & Family,"Kids play areas, amphitheater, party lawns, music room, mini-theatre.",0
5cca3979-988b-4e2c-a249-adb9e0cb84a1,6b799d00-5a0b-4a72-be56-4bd7c78352b0,WELLNESS,Spa,,0
5de154e0-a340-4695-a979-cd12048a23fb,c05bb44a-4d96-4c65-9703-923dd67a4b91,SECURITY,24/7 CCTV Surveillance,Complete security coverage for all common areas.,0
5e942b49-9f8a-4f88-8573-e5569a507a31,90c0031f-c707-4bed-b8f7-75f690c2b088,CLUBHOUSE,Clubhouse,,0
5f760a9f-a43b-4de0-93f1-836bdb918bb6,d6239c57-d7ed-4da1-84cc-3330b1ea324c,PARKING,Ample Multi-level Parking,,0
604a11be-3064-449d-bb1a-aeb6168189d8,6b1c33af-b1a9-49a4-a9ca-6fa3545214f2,CLUBHOUSE,Luxury Clubhouse,"65,000 sq.ft. with lounge, cafe, mini-theatre, spa, wellness center, wine/cigar bar, VR gaming, bowling alley",0
619598c1-d87d-40fb-87d5-eeb659c235be,e59debce-1f67-4a5f-ab7e-613fe1441982,Retail,Physical Wellbeing,Outdoor Fitness Trail,0
61e420a3-379f-4192-bc25-185c8b896b06,bd535d19-6a06-45cc-a692-3d56849d8e89,POOL,Heated Olympic-Size Pool & Kids Pool,,0
636ed6c8-0921-4d4c-a5ad-e7eb45c2a724,ae24318b-3030-428a-94f6-c9c93e7789f6,SPORTS,Sports Club,"Half Basketball Court, Cricket Nets, Reflexology Garden",0
637dd30d-67e8-4624-a1e3-eeaa76ae3380,491d8e64-e144-40cd-bf4b-0273fc49acf7,POOL,Infinity Pool,,0
63f02a5d-d1be-4d19-85b2-baf39e078ce8,8b6a09f7-9696-4811-ad43-bad1dea5f324,POOL,Swimming Pool,Outdoor & Kids Pool,0
641ff3fd-e03b-4ed9-a563-737f1feb064d,a9fb2cee-4190-4f2f-9940-8be2199e38e3,MAINTENANCE,Professional Maintenance,,0
645b49e4-a49c-42c2-a2bc-082c18f050fb,d0e6ac5d-365e-4efb-87da-97f37581be3a,FITNESS,Modern Gymnasium,,0
64f0ad03-572b-40a0-a943-0a18d5aae7c9,491d8e64-e144-40cd-bf4b-0273fc49acf7,PARKING,Car Parking,,0
65d8b885-8942-4b6e-9ae1-d11a6fff0f83,6b1c33af-b1a9-49a4-a9ca-6fa3545214f2,PARKING,EV-ready Parking,"Multi-level parking, EV charging",0
6af37e3a-2eaa-478d-9eb8-aeb90ac6c771,a44c5240-3c6f-4c6a-96ee-8ac62af3511e,GARDEN,"Zen Garden, Meditation Pavilion",,0
6c1267fa-6f1c-4d82-b520-3e9884ec5797,5ff0bc90-310e-4041-b86c-812b13c5bdad,SMART & INFRASTRUCTURE,"VRV Air Conditioning, High-Speed Internet, Smart Home Controls",Modern climate control & automation,0
6dea67d3-0e15-4f30-b46d-9f45137c154d,12ae60bb-6415-427c-86ad-adcb52eb5a8f,Recreation,Children & Family,"Kids play areas, amphitheater, sunken garden, party lawn, vehicle-free podium greens",0
6ff88410-5229-4172-af3c-a60291202b94,7c97e410-c9ab-43a3-bd32-65a83a08fd8b,Retail,High-Street Retail Layout,"Open high-street format ideal for shops, boutiques, salons, and F&B",0
70c35d8a-2864-4b1a-8ad7-b86d2a172dfd,ae24318b-3030-428a-94f6-c9c93e7789f6,POOL,Infinity Pool & Kids Pool,"Jacuzzi, Poolside Deck, Changing Rooms",0
70c7232c-7c7a-4541-b6da-6f2503dde06f,20e1a7ff-2d5a-4bb7-b658-2b0c95a02d42,SECURITY,Multi-Tier Gated Security,"Gated complex, 24/7 security, CCTV, and covered parking",0
72211a8b-1e5b-406e-be02-e09ddd4f99fb,7a117c0f-16eb-4536-a0a6-028271a06f3b,GARDEN,"Landscaped Lawns, Parks",7 Acre Green & Open Area,0
7230bd16-9748-4c8f-86b2-a025a3f1dd4c,bccdee7e-3f5d-4e88-a0c9-070942334caa,CLUBHOUSE,Luxury Clubhouse,"70,000 sq.ft. with lounges, banquets, sports & wellness facilities",0
74575f90-a1e1-4b72-b061-cf8210c734b0,a9fb2cee-4190-4f2f-9940-8be2199e38e3,KIDS,Kids Play Area,,0
7536f131-5560-4161-8c56-714b98ac6e4e,60fb584b-a3b6-4ade-9adb-8eb02508682d,HEALTH,"Infinity Pool, Spa & Yoga Studio",,0
762ad5f3-1019-4111-a994-576bbe0f2014,f9b16292-de07-471d-9d9c-d9f92bd44692,POOL,Scenic Pool & Floating Sauna,,0
767ccf90-aaaf-4347-957a-5edd73dfd193,a3af1f05-e6bb-4a25-a7be-1f9115867304,DINING,Fine Dining Restaurant,,0
76faed27-3a9c-4592-b839-5f8d7e104f78,d0e6ac5d-365e-4efb-87da-97f37581be3a,SPORTS,"Tennis, Squash, Badminton Courts",,0
773f75fa-5e8e-439f-959d-2541166f82cc,0ef5cdef-6f02-4591-a386-553534d6cce0,SPORTS,Table Tennis,,0
7bf98045-546c-4da9-a01f-7262642d85fc,a9fb2cee-4190-4f2f-9940-8be2199e38e3,LOBBY,Double Height Managed Lobby,,0
7c68c57e-f20a-455d-a4a9-51d39cd3e74f,60fb584b-a3b6-4ade-9adb-8eb02508682d,CLUB,Grand Clubhouse,1.5 lakh sq. ft.,0
7e799d45-990a-429b-8197-378aa63665e9,a3af1f05-e6bb-4a25-a7be-1f9115867304,PARKING,Ample Parking,,0
7f4bec48-ae91-46ea-8eda-5051db55fcab,7dd8456b-dfd9-4960-bf55-5f165feaf48e,Exclusive," Exclusive 70 Villas",Lake Facing,1
80105536-7505-45c6-8807-4ae973d04488,f9b16292-de07-471d-9d9c-d9f92bd44692,SECURITY,Gated Complex with Multi-tier Security,,0
805248c2-52d0-4043-9d56-f474baf4ddb4,6abc2559-f9b4-4173-97fe-9b5e70f47bb1,FITNESS,Gymnasium & Wellness Center,"Modern gym, yoga studio, spa, temperature-controlled pool",0
81942bff-b765-4ed7-933c-2bc3aa3a8101,d2afb735-8465-414a-924f-a7226ea3319a,FACILITIES,Food Court,Multiple dining options,0
826903b8-404d-453c-be73-7504a3f1de73,d0e6ac5d-365e-4efb-87da-97f37581be3a,POOL,Infinity Edge Swimming Pool,,0
83496cc6-ee81-4467-a8b6-75265f009f3d,8853edc1-08b4-4512-b7d8-5e10800896fe,Retail,Air-Purifying Plants,,0
8409ceb5-8e50-4e48-a4c3-379e60e9dcf6,6b799d00-5a0b-4a72-be56-4bd7c78352b0,OUTDOOR,Jogging Track,,0
84d24c76-b1b8-4ed1-ac9e-d3bcf1149871,982ed68a-ba24-4226-b101-01e7f90de70a,Infrastructure,Open Market Design,Grade-A planning with modern elevations and common areas,0
84e3f8b7-89cf-47d0-9c9c-c54a28e495e8,8853edc1-08b4-4512-b7d8-5e10800896fe,Retail,5-Level Parking,,0
853a382a-41f9-4a88-b84d-779a75540402,f9b16292-de07-471d-9d9c-d9f92bd44692,CLUBHOUSE,Clubhouse with Social Zones,,0
86be96a3-de2b-4d7b-b545-c0117b095f41,8853edc1-08b4-4512-b7d8-5e10800896fe,Retail,L-Shaped Wrap-Around Balconies,,0
8704579a-51e9-490f-8a89-742dbbd276e1,6b799d00-5a0b-4a72-be56-4bd7c78352b0,CLUBHOUSE,Modern Clubhouse,,0
87423ad6-6b32-4b39-9144-e9e8f984ff08,8853edc1-08b4-4512-b7d8-5e10800896fe,Retail,4-Star GRIHA Pre-Certified,,0
8b60624a-5680-4d13-8555-29fd9f5623d3,b78f7b94-2629-4566-b8a8-a14b578d3434,RELAXATION,"Spa, Meditation Room & Yoga Deck",,0
8bcb6f64-c40d-427f-a58c-2b79212865d3,8eab2ac6-fbc3-450e-b4a9-16ae669df765,DECK,Outdoor Expansive Decks,,0
8c9f9e62-85d9-49ac-b566-8a975bf9c1b2,d2afb735-8465-414a-924f-a7226ea3319a,FACILITIES,Conference Rooms,Fully equipped meeting spaces,0
8eda7bcf-d146-465e-9e88-693d34330e01,a3af1f05-e6bb-4a25-a7be-1f9115867304,ELEVATORS,Highspeed Escalators,,0
920dcb22-169f-485f-8001-0b5463de9056,d9401432-af8d-41fc-8230-594a70cc2a98,SECURITY,Security,,0
92308de4-18ad-406f-95c2-e1c15990245f,d9401432-af8d-41fc-8230-594a70cc2a98,RETAIL,Retail Spaces,,0
94b04b6c-1e0f-484d-8e12-66b75e5127cc,a9fb2cee-4190-4f2f-9940-8be2199e38e3,SECURITY,Gated & Secured Community,Professional 24x7 security,0
95b3319d-b4c7-4866-85b8-071909287eb0,37475cb7-21c0-4c64-ba62-5174ca162a47,Essential,Safety & Convenience,"Multi-tier security, power backup, high-speed elevators, ample parking, CCTV coverage.",0
95d53b3c-ef72-458e-9e5c-a443911d96f8,c9b9ee68-248e-48fb-ae77-1b082109a89c,SECURITY,"24x7 Security, CCTV Surveillance",,0
96666dbe-8966-4ee5-a803-87ac9efdc3cb,ef4d244d-fb32-42d7-a4be-0f515c4ed2c8,POOL,All-Weather Swimming Pool,,0
9681670b-7415-47d6-8bbf-d7911c8ab563,8eab2ac6-fbc3-450e-b4a9-16ae669df765,SECURITY,"24x7 Security, CCTV, Controlled Access",,0
97008858-5675-444a-9921-7e5c37305554,7dd8456b-dfd9-4960-bf55-5f165feaf48e,Facilities,Luxurious Plot,"Starting at 1.35 Cr* Onwards ",2
972151ff-d9fe-49c5-a9e5-0ce0587f5ed7,4c17e492-2ed5-478e-82e3-2756706a85f9,Elevators,Elevators and Escalators,,0
97c17cba-661c-4fdd-a09b-7b0001fc9b80,e59debce-1f67-4a5f-ab7e-613fe1441982,Lifestyle,"Gym, Yoga & Sports Courts","Fully equipped gym, yoga/meditation deck, cricket & badminton courts, jogging track",0
9820f21a-ec15-4fbb-b418-eb865dc2b940,e59debce-1f67-4a5f-ab7e-613fe1441982,Retail,7 Lifts,Per Towers,0
982ed68a-ba24-4226-b101-01e7f90de70a,982ed68a-ba24-4226-b101-01e7f90de70a,Parking,Ample Parking,Dedicated parking alongside central entry,0
9a6b7d78-9581-41d3-9013-84c5da85cd6d,c05bb44a-4d96-4c65-9703-923dd67a4b91,PARKING,Multi-Level Parking,Covered parking for 500+ vehicles across multiple levels.,0
9b0731b2-6c09-4a4e-b9d0-744ddb34dbc0,8b6a09f7-9696-4811-ad43-bad1dea5f324,COMMUNITY,"Business Lounge, Multipurpose Hall",,0
9c11b6a8-ddab-43fd-adcc-aceca5c6927c,ef4d244d-fb32-42d7-a4be-0f515c4ed2c8,SECURITY,5-Tier Smart Security & CCTV,,0
9c55b7fb-3c50-43a9-b0ba-a2621591e634,bccdee7e-3f5d-4e88-a0c9-070942334caa,KIDS,Children's Play Area,"Modern play equipment, safe zones",0
9c569c29-447c-415f-8aa0-35876b4291c6,4c17e492-2ed5-478e-82e3-2756706a85f9,Restrooms,Restrooms,,0
9cc083ae-f559-499e-b583-36d6d5e40ea3,25c84bea-37cc-4a00-a8eb-a504f8a191f4,Lifestyle,Food Court,Variety of dining options,0
9d2e3691-638c-4345-a04a-a18cb7f168c8,8853edc1-08b4-4512-b7d8-5e10800896fe,Retail,Vaastu Compliant,,0
9d74a372-d9d9-4986-a667-805c975c8334,c9b9ee68-248e-48fb-ae77-1b082109a89c,CONVENIENCE,"Restaurants, Cafeteria, Food Court, ATM",,0
9ebc61e4-e3ee-46d7-bc85-77a0ee15bc38,c9b9ee68-248e-48fb-ae77-1b082109a89c,FITNESS,"Executive Clubhouse, Lap Pool, Gym",,0
a182ceb2-1915-4cf4-af51-3777e8268d35,d9401432-af8d-41fc-8230-594a70cc2a98,PARKING,Parking,,0
a1cfdeac-1f41-4c1a-bc24-7f78ae32a6c5,d2afb735-8465-414a-924f-a7226ea3319a,GREEN,"Sky Gardens, Meditation Zones",,0
a37f3e6d-b426-481d-b908-9819a1b63541,8853edc1-08b4-4512-b7d8-5e10800896fe,Retail,Multipurpose Space for Study/Lounge/Home Office,,0
a3a693ec-c9a0-4260-b75a-2e2ada2a4b84,bfdbaac8-419e-473e-ae73-6edd80f14387,WELLNESS,Yoga & Meditation Studio,Dedicated wellness retreat zones,0
a41f5e35-546b-46dc-ac17-f19b2e52e6fd,6a3994f8-8b87-441d-8d43-732f7162ac90,POOL,"Aquatic Pools (Outdoor, Terrace, Kids)",,0
a49226f0-6126-46cc-b32b-1e44b1371ae9,90c0031f-c707-4bed-b8f7-75f690c2b088,ELEVATORS,High-Speed Elevators,,0
a53fd741-255f-4728-94b5-5fe3bebe876e,60fb584b-a3b6-4ade-9adb-8eb02508682d,SECURITY,"3-Tier Security, CCTV",,0
a5f165cf-6190-4dcf-83a6-081ba7667cf3,6b799d00-5a0b-4a72-be56-4bd7c78352b0,FITNESS,Gymnasium,,0
a6d55ba3-2ed3-48c4-89b2-0089643a0a2a,ead71e2f-5982-4c58-b243-5e9cd88d9fe9,FITNESS,Fully Equipped Gym & Fitness Center,,0
a7a1189e-5023-4040-a0e7-92d03481c41f,8e7d9d67-660b-4099-b583-f39f14bf9a26,CLUBHOUSE,Double Height Clubhouse,"Gym, spa, lounges, mini-theatre, co-working space, bowling alley simulator",0
a7ac6f73-f6ca-4167-8f5a-c4e163234f9e,25c84bea-37cc-4a00-a8eb-a504f8a191f4,Convenience,Power Backup,100% power backup facility,0
a7ad7a7e-30cd-44a3-83a6-c91715a89ed6,ef4d244d-fb32-42d7-a4be-0f515c4ed2c8,SPORTS,"Badminton, Squash, Table Tennis",,0
a8267e17-3206-491d-8583-04d997ed2b06,6b1c33af-b1a9-49a4-a9ca-6fa3545214f2,SMART,Smart Home Features,"Integrated automation, app controls, EV charging stations",0
a947e990-b88e-454f-a65d-4a8974aac808,c05bb44a-4d96-4c65-9703-923dd67a4b91,FACILITIES,Sky Clubhouse,"Includes swimming pool, spa, gymnasium, mini theatre, and multipurpose hall.",0
aa2e3928-fb9d-4234-8d29-c83502788564,8eab2ac6-fbc3-450e-b4a9-16ae669df765,RELAXATION,"Mini Theatre, Pool Bar, Multi-Cuisine Restaurant",,0
aa5e5ffe-ebd1-47f7-b6c9-25e14597bacb,bd535d19-6a06-45cc-a692-3d56849d8e89,KIDS,"Kids' Zone, Play Area, Bowling Alley",,0
ac5bac94-1ccb-4cde-9359-b3f477184097,06e0aa61-ef5c-4892-beec-a5a1df6ec52c,Security,24x7 Smart Security & Access,"CCTV, gated access, access control, trained security",0
acb6f955-8e01-4cee-a773-788a573b5c1a,8853edc1-08b4-4512-b7d8-5e10800896fe,Retail,Video Door Phones with Digital Lock,,0
ad827c8b-6b58-421a-9476-84b1576ecd9d,ae24318b-3030-428a-94f6-c9c93e7789f6,SECURITY,5-Tier Security,"CCTV, Access Card, Concierge",0
ae4b8083-168b-4e33-84b1-4533a8d61cd7,d2afb735-8465-414a-924f-a7226ea3319a,SECURITY,"24/7 Security & Access Control, CCTV Surveillance",Complete security coverage,0
af9b517c-a416-4fab-83e1-090c1cad2efe,7a117c0f-16eb-4536-a0a6-028271a06f3b,POOL,Swimming Pool,Temperature Controlled,0
afcf86bb-37ab-447b-bdbd-6ac023d3b329,bfdbaac8-419e-473e-ae73-6edd80f14387,PLAY,Kids’ Play Area,"Safe, modern play equipment with soft flooring",0
b13224c5-83c0-4aa4-bcb8-285b7cbf4d0c,bfdbaac8-419e-473e-ae73-6edd80f14387,SPORTS,Multipurpose Sports Area,"Badminton, tennis, basketball and more",0
b1fb3642-1ad7-498c-9319-012a5b21d6fe,bccdee7e-3f5d-4e88-a0c9-070942334caa,SPORTS,Sports Courts,"Tennis, badminton, basketball, cricket pitch",0
b27254cc-6e96-4f97-9924-d2d93f595c28,bccdee7e-3f5d-4e88-a0c9-070942334caa,SECURITY,3-Tier Security,"CCTV surveillance, gated access",0
b3cbdc9e-9a39-4faa-80e8-962a03db5391,165ef67e-ef7b-4dde-9a9b-817a92875500,RETAIL,High-End Shops & Showrooms,,0
b3cf83db-3272-4194-8273-e2a9df3b8dbc,bccdee7e-3f5d-4e88-a0c9-070942334caa,EVENTS,Banquet & Event Spaces,Multipurpose halls for gatherings,0
b4c61ced-212f-44eb-a809-3c43b4da5148,60fb584b-a3b6-4ade-9adb-8eb02508682d,SPORTS,"Tennis, Basketball, Jogging Track",,0
b4ce0eb0-89bb-4ddf-b26e-c1d30da105b8,90c0031f-c707-4bed-b8f7-75f690c2b088,SWIMMING,Swimming Pool,,0
b6c73253-1e1c-48ac-b5a4-60cb1b36841c,7dd8456b-dfd9-4960-bf55-5f165feaf48e,Connectivity,Best Connectivity,Next to Mopa Airport Goa,0
b7b2cc14-e9af-42b0-8933-05944b2d504c,c4348b89-26f3-4e74-9253-4a68bd32df22,Lifestyle,Trump Club,"Temperature-controlled indoor pool, spa & gym, fine-dining restaurant, library, games lounge",0
b7eaa858-4c43-4f68-bf4f-6172e158c42d,0d428cdd-2dcd-46ea-85ec-98471e318483,SECURITY,"Gated, CCTV Surveillance",,2
b84f2036-1a6f-4e3d-a223-52c8b0740d6b,9301a8cc-a2ab-4828-98a8-455229bd4beb,BUSINESS,Grade A Office Spaces,,0
b949e2c4-5490-4347-9791-6d85532a7a6f,491d8e64-e144-40cd-bf4b-0273fc49acf7,RECREATION,Game Room,,0
b986acf2-8969-45b1-afb0-8e1b64832595,986e025d-5bf1-4c5d-90b9-2c5bda59d34a,PARKING,1075+ Car Parking Spaces,,0
bc24f9df-ca1b-45b1-a6cc-a93376335d3f,6b799d00-5a0b-4a72-be56-4bd7c78352b0,PARKING,Car Parking,,0
bcea7459-fb03-41e3-96e1-112ffc8bbffa,0d428cdd-2dcd-46ea-85ec-98471e318483,KIDS,Children's Play Area,,5
bd3eba60-3781-458f-a74a-b991277a0bc1,a44c5240-3c6f-4c6a-96ee-8ac62af3511e,POOL,Infinity Swimming Pool,,0
beaac95d-927a-4c4c-9911-f7a7495395bd,8853edc1-08b4-4512-b7d8-5e10800896fe,Retail,5-Tier Security,,0
bf05b54c-c870-403a-ac51-7fe3233bf833,8b6a09f7-9696-4811-ad43-bad1dea5f324,OTHER,Home Automation & Smart Access,,0
c0e65291-beaa-4a64-9eb5-a96a527be197,165ef67e-ef7b-4dde-9a9b-817a92875500,F&B,"Fine Dining, Bars, Cafés",,0
c1a8dd89-44a0-44a9-9d52-6f4fbfc7c00c,6b799d00-5a0b-4a72-be56-4bd7c78352b0,POOL,Swimming Pool,,0
c235bccd-36d0-4b4d-a848-d52c61683940,986e025d-5bf1-4c5d-90b9-2c5bda59d34a,SHOPPING,Retail Shopping,,0
c23e60f4-7203-41d7-a0f5-149bd81b4e4a,4c17e492-2ed5-478e-82e3-2756706a85f9,Dining,Restaurants & Food Courts,,0
c4a06292-6a92-4d03-b082-0632ed4e7a5a,a3af1f05-e6bb-4a25-a7be-1f9115867304,SECURITY,24x7 Security,,0
c645de4f-c698-4d41-b918-e8c21649cc3a,8eab2ac6-fbc3-450e-b4a9-16ae669df765,LOBBY,Grand Lobby & Reception,,0
c6a9bd73-7f1e-4dbc-9b24-3049dab1a6d3,a0526302-80d5-40e4-ba4f-0e030521e651,CHILDREN,Children’s Play Area,,0
c71d5724-eafc-46ce-ab3c-9e23fcf87990,06e0aa61-ef5c-4892-beec-a5a1df6ec52c,Health & Fitness,Wellness Clubhouse and Gym,"70,000+ sq.ft. with fitness zones, spa, gym, squash court, swimming pool, and yoga space",0
c8a764ce-b3ce-432c-ba41-121c61a7bd8a,728db93d-8501-488a-a01b-8917095530a1,SPORTS,"Bowling Alley, Tennis, Basketball Courts",,0
c8c5d84f-1c11-40cb-b409-fef4d96cb089,a44c5240-3c6f-4c6a-96ee-8ac62af3511e,CLUBHOUSE,Exclusive Clubhouse,,0
c9d298b5-d19f-4637-bf6c-f97237e07f20,6b799d00-5a0b-4a72-be56-4bd7c78352b0,SECURITY,24x7 Security & CCTV,,0
ca6c888d-abf3-48e5-9b62-5501038b075c,7c97e410-c9ab-43a3-bd32-65a83a08fd8b,Parking,Ample Parking,Visitor and owner parking planned for convenient access.,0
cc0ff984-27b2-4dd8-bec2-b21cc4cbe166,bfdbaac8-419e-473e-ae73-6edd80f14387,POOL,Swimming Pool & Pool Deck,"Luxurious outdoor pool, deck, jacuzzi, spa facilities",0
d0321214-65c9-4321-8234-60dee941ba48,6a3994f8-8b87-441d-8d43-732f7162ac90,KIDS,Kids Play Zones & Swimming,,0
d0e1c51b-6aaf-4b07-925f-a4094f110f1d,165ef67e-ef7b-4dde-9a9b-817a92875500,BUSINESS,Premium Retail & Office Spaces,,0
d25271d6-439e-49e0-8852-958220878485,bd535d19-6a06-45cc-a692-3d56849d8e89,FITNESS,State-of-the-Art Gym & Fitness Center,,0
d3fca6e5-01af-48e6-bd65-7c5cb525ecc3,20e1a7ff-2d5a-4bb7-b658-2b0c95a02d42,Convenience,6 Residences,"including 2 residences for senior living ",0
d598de83-cf10-4341-a226-8dad3631f8d7,d2afb735-8465-414a-924f-a7226ea3319a,SPORTS,"Bowling Alley, Squash, Padel Court",,0
d6b47da8-0380-4b3d-ae86-4f118d079abd,bfdbaac8-419e-473e-ae73-6edd80f14387,GARDEN,Landscaped Zen Gardens,"Designed green zones, walking tracks, water features",0
d8fdde5b-abca-460c-b3d1-d7cf8e8814c8,f9b16292-de07-471d-9d9c-d9f92bd44692,KIDS,Kids Water Play Zone,,0
d9e27f95-8550-419e-b4c0-83299c89ce5b,bd535d19-6a06-45cc-a692-3d56849d8e89,COMMUNITY,"Private Guest Suites, Banquet Hall, Theatre",,0
da6f937c-e4b3-4bf9-bf9b-0f7cd260be35,0d428cdd-2dcd-46ea-85ec-98471e318483,SPORTS,"Tennis/Basketball Courts, Jogging Track",,0
dad4a418-286b-431a-8695-9080903de10d,37aab4b2-99cd-4d22-9d89-a29e1c2868c4,Essential,Safety & Convenience,"24x7 security, power backup, WiFi, intercom, parking, gas pipeline.",0
dd2956af-48f4-4bf3-999b-e092457dafcf,21f65c22-0ac4-4e2e-92df-029afe926330,Security,5-Level Smart Security,"CCTV surveillance, access control, smart locks",0
df303588-18a8-483a-8024-2235658bffa6,37475cb7-21c0-4c64-ba62-5174ca162a47,Lifestyle,Clubhouse & Recreation,"50,000 sq.ft. clubhouse with swimming pool, gym, spa, restaurant, lounge, and banquet.",0
df7737fd-e7c1-4650-aa55-e27db7b9540c,8eab2ac6-fbc3-450e-b4a9-16ae669df765,CLUBHOUSE,State-of-the-art Clubhouse,,0
df87677d-e5c9-4960-a3cb-0dc7a4c81655,8eab2ac6-fbc3-450e-b4a9-16ae669df765,BUSINESS,Business Centre,,0
dfbe4222-59dc-40ad-819c-e8096fd0c6de,8853edc1-08b4-4512-b7d8-5e10800896fe,Retail,Panic/SOS Switch,,0
e0174e57-c045-476d-b7d5-a6acb8292300,a44c5240-3c6f-4c6a-96ee-8ac62af3511e,LOBBY,Triple-Height Entrance Lobby,,0
e081fc4f-900b-4b24-b825-04614e1dd171,6b1c33af-b1a9-49a4-a9ca-6fa3545214f2,FITNESS,Full-Service Gym,"Modern gym, yoga pavilion, meditation deck, golf simulator",0
e08a99ee-2ddc-4bb6-b8c0-ee5ec9685060,0d428cdd-2dcd-46ea-85ec-98471e318483,HEALTH,Fitness Centre & Swimming Pool,,0
e0a09340-6278-4733-8f25-721a945ddaf6,a44c5240-3c6f-4c6a-96ee-8ac62af3511e,FITNESS,Modern Gym with Spa & Sauna,,0
e3bda67d-910d-4889-b986-032a95c8e0d7,90c0031f-c707-4bed-b8f7-75f690c2b088,KIDS,Children Play Area,,0
e467a8ad-21f4-42c8-a345-ccb60517b9ab,bfdbaac8-419e-473e-ae73-6edd80f14387,FITNESS,State-of-the-Art Gym,Outdoor & indoor fitness areas equipped with latest machines,0
e46965ed-f718-47a5-8728-d59662806683,ef4d244d-fb32-42d7-a4be-0f515c4ed2c8,OTHER,"Vaastu Compliant, Concierge Desk",,0
e5832e3b-092a-4c12-8e3e-04dcab7274a9,8e7d9d67-660b-4099-b583-f39f14bf9a26,SECURITY,Five-Tier Security,"Multi-tier security, CCTV, video door phone, fingerprint access, gated complex",0
e6b9564a-7634-4d31-bcfe-04f2ca60e900,165ef67e-ef7b-4dde-9a9b-817a92875500,PARKING,"Multi-level Parking, Valet Service",,0
e714f786-3e99-4df2-bd68-4d5c434eb403,90c0031f-c707-4bed-b8f7-75f690c2b088,SECURITY,Multi-Tier Security,,0
e8dafbfe-4aac-44c2-95bc-2b662fea59ef,ead71e2f-5982-4c58-b243-5e9cd88d9fe9,CLUBHOUSE,Podium Level Grand Clubhouse,,0
e901067c-7926-44d2-af9d-52d2493bbf29,c05bb44a-4d96-4c65-9703-923dd67a4b91,POWER,24/7 Power Backup,Uninterrupted power supply through backup generators.,0
e92efd8d-8a2c-4731-9f60-a2efa19f9b5d,d0e6ac5d-365e-4efb-87da-97f37581be3a,OTHER,Smart Home Automation,Voice & App Controlled,0
ebe053d1-e7a3-4d00-9d21-e11922934f1c,d2afb735-8465-414a-924f-a7226ea3319a,CLUBHOUSE,Modern Clubhouse,"With gym, indoor games, lounge",0
ec53bd03-2d75-4cf9-b22a-9298ccb9ba2d,8eab2ac6-fbc3-450e-b4a9-16ae669df765,FITNESS,Fully Equipped Gym,,0
ec7c74be-16d5-4909-ad20-ccbeb54ce238,d0e6ac5d-365e-4efb-87da-97f37581be3a,GARDEN,Themed Gardens & Parks,Landscape by leading international firm,0
ec92a49b-cedd-4e42-b429-1fa1ffc6406b,8853edc1-08b4-4512-b7d8-5e10800896fe,Retail,Restricted Vehicle Movement,,0
ecd88c83-db0c-4b7b-bdc8-0dc672ca49e5,8e7d9d67-660b-4099-b583-f39f14bf9a26,CARE,Family Wellness Suite,"Onsite medical rooms, 24/7 emergency response, senior-friendly facilities",0
ed9cee1e-7bba-4859-bba9-f35be2211151,bfdbaac8-419e-473e-ae73-6edd80f14387,CLUBHOUSE,Luxury Clubhouse,"Over 60,000 sq.ft. with lounges, banquets, wellness and leisure zones",0
edb3b0bd-5322-4691-befb-13bd97ec1de8,6b1c33af-b1a9-49a4-a9ca-6fa3545214f2,SECURITY,Multi-Tier Security,"CCTV, manned security, video door phones, gated entry",0
edb59556-989a-4467-81f8-c9858260554a,3fed7102-bc0c-4fe5-a6b4-b30868757223,LIFESTYLE,Rooftop Sky Deck & Community Spaces,Designed for leisure and community gatherings,0
ee02a103-f0fe-4385-b7f6-eef0f01f58a4,06e0aa61-ef5c-4892-beec-a5a1df6ec52c,Children,Kids' Play & Learning Spaces,"Creative indoor and outdoor play zones, learning center",0
f00e9ebc-77f9-4f07-b55d-6d27b6800432,20e1a7ff-2d5a-4bb7-b658-2b0c95a02d42,Infrastructure,11.8 acres,International Design,0
f024df82-ff9a-4320-9773-6605a266c994,25c84bea-37cc-4a00-a8eb-a504f8a191f4,Technology,High-speed Internet,Fiber optic connectivity,0
f038912f-bf25-46b8-b5f9-5aff4ad30bc9,d2afb735-8465-414a-924f-a7226ea3319a,POOL,Multiple Swimming Pools (Indoor & Outdoor),,0
f0cf6f9b-3506-4423-8e0b-95cedee1f9ac,d0e6ac5d-365e-4efb-87da-97f37581be3a,RELAXATION,"Spa, Sauna & Salon",,0
f169d3ea-9476-41b0-9ba8-8787093f0f35,d2afb735-8465-414a-924f-a7226ea3319a,CONNECTIVITY,High-Speed Internet,Fiber optic connectivity,0
f1987a09-ae75-4c45-b986-53925ed412ed,d9401432-af8d-41fc-8230-594a70cc2a98,LOBBY,Lobbies and Reception Areas,,0
f22d1b17-0b9e-4fde-ba76-a67df1989723,f9b16292-de07-471d-9d9c-d9f92bd44692,JOGGING,Rooftop Jogging Track,,0
f278d291-d8bf-458f-b04d-a8bf29892de9,8b6a09f7-9696-4811-ad43-bad1dea5f324,FITNESS,"Gym, Yoga & Meditation Studio",,0
f2b5cf55-66e5-468b-86b9-5a380d7a44bc,6b1c33af-b1a9-49a4-a9ca-6fa3545214f2,POOL,Rooftop Infinity Pool & Jacuzzi,"Temperature-controlled infinity pool, kid's pool, Jacuzzi, deck",0
f354d0dc-c1e0-41e3-ad9b-fc5420e4022f,165ef67e-ef7b-4dde-9a9b-817a92875500,ENTERTAINMENT,"Multiplex, Gaming Zone",,0
f43ef0c6-bc32-4490-be3f-3ecb02ffb5c0,25c84bea-37cc-4a00-a8eb-a504f8a191f4,Parking,Multi-level Parking,Ample parking for all units,0
f4bfea3b-b085-4373-be31-373c2cfc3aab,d2afb735-8465-414a-924f-a7226ea3319a,SPA,"Turkish Hammam, Sauna, Spa",,0
f4ca6f66-5ec4-4c3b-aaf3-2e5813b0c501,bccdee7e-3f5d-4e88-a0c9-070942334caa,PARKS,Landscaped Gardens,"Green areas, jogging tracks, yoga zones",0
f5772bb3-7836-4e61-bbc4-d3ba5a78cc55,8853edc1-08b4-4512-b7d8-5e10800896fe,FITNESS,Separate Service Lift,,0
f58ca92b-f3a6-48d0-af11-2ce52c16bfeb,5ff0bc90-310e-4041-b86c-812b13c5bdad,LEISURE & ENTERTAINMENT,"Mini-Theater, Kids’ Play Area, Gaming Zone, Amphitheater",Entertainment spaces for all age groups,0
f8452c83-30d0-44f3-8547-6aa2401f1fad,12ae60bb-6415-427c-86ad-adcb52eb5a8f,Sports,Courts & Fitness,"Badminton, tennis, basketball courts, jogging track, landscaped gardens",0
f8ed1634-7066-456f-b3e0-6730129ceae4,6b1c33af-b1a9-49a4-a9ca-6fa3545214f2,EVENTS,Business Lounge & Banquet,"Workspace, meeting rooms, banquet hall",0
f9b6af8a-b547-4d25-ac83-0ebc821d6668,a9fb2cee-4190-4f2f-9940-8be2199e38e3,SWIMMING_POOL,Infinity Edge Pool,,0
f9dac955-c604-460b-94c9-2a44b407a28a,d0e6ac5d-365e-4efb-87da-97f37581be3a,SECURITY,Smart Security Systems with CCTV & RFID,,0
f9dd973c-5897-4e4f-a92b-e21540989e6d,8853edc1-08b4-4512-b7d8-5e10800896fe,Retail,VRV/VRF Air Conditioning,,0
fb38e53f-cef1-40ed-8f20-f6eaf8dee502,d2afb735-8465-414a-924f-a7226ea3319a,PARKING,Multi-Level Parking,Covered parking for 500+ vehicles,0
fca3f392-0593-4a1f-a378-ec347ef3d638,a3af1f05-e6bb-4a25-a7be-1f9115867304,POWER,Power Backup,,0
fd09022d-0731-4529-826b-5c556aea619a,a9fb2cee-4190-4f2f-9940-8be2199e38e3,LANDSCAPE,Landscaped Greens,,0
fdbab9cf-5e99-411d-bb0e-80249ee9917a,ef4d244d-fb32-42d7-a4be-0f515c4ed2c8,RELAXATION,"Spa, Sauna & Meditation Zone",,0
fe00bac4-dde8-4d0c-a140-952305e97e77,a3af1f05-e6bb-4a25-a7be-1f9115867304,FOOD COURTS,Food Courts,,0
ff58ffe1-3084-481c-a498-54b9e44e1d01,7a117c0f-16eb-4536-a0a6-028271a06f3b,KIDS,Kids Play Area,,0