id,projectId,question,answer,sortOrder
010027c5-1dd9-4203-a15b-689aedaacb0c,7a117c0f-16eb-4536-a0a6-028271a06f3b,Who is the developer of Hero Homes The Palatial?,"Hero Homes The Palatial is developed by Hero Realty, part of the reputable Hero Group focused on sustainable and luxury projects.",6
0159f341-7243-4c25-816d-3f6c99b37143,0d428cdd-2dcd-46ea-85ec-98471e318483,What makes Aditya Birla Pravaah unique?,"Pravaah features expansive open spaces, high-rise luxury towers, premium amenities, and a prime location in Sector 71, Gurgaon.",0
0198c462-dde8-480d-b8c3-4560b1617a62,a44c5240-3c6f-4c6a-96ee-8ac62af3511e,What types of apartments are available at Puri Diplomatic Residency?,"We offer premium 3 BHK, 4 BHK, and penthouse residences with spacious layouts and luxury specifications.",2
02264a6a-3c4a-4507-83fb-07998dadf2b6,7a117c0f-16eb-4536-a0a6-028271a06f3b,What is the starting price for homes at Hero Homes The Palatial?,"The starting price for 3.5 BHK residences is ₹4.96 Crore, and for 4.5 BHK residences up to ₹6.05 Crore.",7
02281b3d-4e14-497c-90dd-066e0b6896dd,491d8e64-e144-40cd-bf4b-0273fc49acf7,What is the expected possession date for M3M Altitude?,December 2028 (as per latest updates).,2
048bdaf2-2db2-43a8-9742-c439e4fd01af,b78f7b94-2629-4566-b8a8-a14b578d3434,What unit types and sizes are available at AIPL Lake City?,"The project offers spacious 3 BHK (2200-2400 sq.ft.), 3.5 BHK (2400 sq.ft.), and 4 BHK premium residences (2800-3000 sq.ft.).",1
0682b64a-3989-4faf-b299-be4816c39dac,0d428cdd-2dcd-46ea-85ec-98471e318483,What is the land area of Aditya Birla Pravaah?,The project is spread over approximately 5.5 acres.,0
06f40fa7-dd55-4c51-9239-969afcfa0386,a3af1f05-e6bb-4a25-a7be-1f9115867304,When can I take possession of my property in Elan Imperial?,Possession date is subject to construction status and developer updates.,3
07503f79-3f5b-4de0-9cec-f2678f3b76d5,049251cb-0089-4e71-8624-88c23074f082,Who is the developer of Sobha Aranya?,"Sobha Aranya is developed by Sobha Limited, one of India's most awarded and experienced real estate companies.",3
0755d84f-47d2-4749-9008-eef2322fbaeb,c05bb44a-4d96-4c65-9703-923dd67a4b91,What is the current construction status?,The project is under construction.,4
07be5c98-ed77-45c7-84c9-d49add29e0e5,9301a8cc-a2ab-4828-98a8-455229bd4beb,Where is Elan Empire located?,"Elan Empire is located in Sector 66, Golf Course Extension Road, Gurgaon, a prime commercial hub.",1
0a7485bc-ab5e-4cf9-8b5f-f7d603949af9,a44c5240-3c6f-4c6a-96ee-8ac62af3511e,What amenities are included?,"The residency offers a clubhouse, swimming pool, gym, spa, landscaped gardens, children's play area, and 24x7 security with CCTV surveillance.",7
0b113198-98b2-47eb-8104-5ccb2198ebae,2a2c45d5-0f68-459c-a286-0509b7bb6073,What is the possession date of M3M Golf Hills?,Possession is targeted for December 2028,3
0b17f96f-6170-4e4f-bc10-07b6e62e7cb4,b78f7b94-2629-4566-b8a8-a14b578d3434,Who is the developer of AIPL Lake City?,"Advance India Projects Limited (AIPL), one of North India's leading developers.",5
0c5863e9-ebc7-4bf3-a9c6-6892d651aa32,d9401432-af8d-41fc-8230-594a70cc2a98,What are the location advantages of M3M Route 65?,"The project offers excellent connectivity to Gurugram SPR Road, Golf Course Extension Road, Sohna Road, NH-48, Gurugram Faridabad Road, and is close to metro stations and IGI Airport.",5
0db7f1a4-5154-4fb5-8524-6f48b4a58309,bd535d19-6a06-45cc-a692-3d56849d8e89,How can I book a unit?,"Units can be booked through Whiteland's sales team, authorized brokers in Gurgaon, or by visiting the official project website.",6
0ecbdf29-7ad1-4c0c-a713-19718de928ee,8b6a09f7-9696-4811-ad43-bad1dea5f324,Is there a brochure available for DLF Privana West?,"Yes, the official brochure, floor plans, and payment details can be downloaded from the project's official website or DLF Homes portal.",4
0ee8cbb0-fc09-4909-a088-5ab0ea55cc8d,d9401432-af8d-41fc-8230-594a70cc2a98,What is the possession date of M3M Route 65?,"The Project is Ready ",2
0fffadde-e51d-4cb7-b26b-bae47fb366cf,6abc2559-f9b4-4173-97fe-9b5e70f47bb1,Where is Hines Elevate located?,"Hines Elevate is located at Sector 59, Golf Course Extension Road, Gurgaon, Haryana.",1
10d64b4a-7478-4738-b76d-a6ef7bb43598,6a3994f8-8b87-441d-8d43-732f7162ac90,What is the starting price for homes at M3M Mansion?,"Prices start at ₹3.59 Crore for select 2 BHK, with various luxury options up to ₹14+ Crore for penthouses",3
10f9fa30-2a73-4ea9-ac8f-b54e537e7228,6abc2559-f9b4-4173-97fe-9b5e70f47bb1,When is possession expected?,"The project is under phased completion, with final possession expected by December 2025.",2
1277e61c-4b36-45db-b41a-d4fd89313a05,d6239c57-d7ed-4da1-84cc-3330b1ea324c,What are the location advantages of M3M CapitalWalk?,"The project enjoys connectivity to Dwarka Expressway, Delhi border, IGI Airport, metro stations, and leading residential hubs in Gurgaon.",1
1347ac9c-f060-422f-9934-d38e4517fb9f,165ef67e-ef7b-4dde-9a9b-817a92875500,What is the possession timeline?,Possession for Elan Paradise is expected by September 2026.,1
13b469cf-7d53-463e-936e-e70e10c31af6,a0526302-80d5-40e4-ba4f-0e030521e651,What is the payment plan?,50:25:25 payment plan is available.,3
13bc2ea0-8394-48f0-b98d-ea947dbb2615,d6239c57-d7ed-4da1-84cc-3330b1ea324c,When is possession for M3M CapitalWalk?,Estimated possession will be shared as per project timeline or upon official announcement.,3
143191cd-cbf4-4344-9851-8225dcbd12a7,8b6a09f7-9696-4811-ad43-bad1dea5f324,How can a unit be booked in DLF Privana West?,"Units can be booked by contacting DLF representatives or through authorized realtors, with flexible payment plans available.",3
149c9238-069a-423b-adc6-55f3aea0ec5e,6b1c33af-b1a9-49a4-a9ca-6fa3545214f2,What is the RERA ID for Experion The Trillion?,The RERA ID for Experion The Trillion is HARERA/GGM/911/643/2025/14.,1
15465aca-eaf4-4950-a0ec-10a7398abfc4,06e0aa61-ef5c-4892-beec-a5a1df6ec52c,What is the total land area and number of towers?,"The project covers 6.1 acres and has four high-rise towers, each up to 32–35 floors.",3
16b9ccf5-7966-40de-864f-d95d9142a072,0d428cdd-2dcd-46ea-85ec-98471e318483,How many towers and units?,There are 5 high-rise towers and approximately 492 apartments.,0
1ae991ac-fc06-47bb-8263-cc8a772d7f80,bd535d19-6a06-45cc-a692-3d56849d8e89,What amenities and highlights are offered?,"Amenities include a mega clubhouse, smart home features, branded hospitality, green open spaces, multiple sports facilities, observatory deck, and five-star wellness services.",3
1bb13f12-4649-4e0b-b072-630d1ec30cf0,6b799d00-5a0b-4a72-be56-4bd7c78352b0,What is the project completion date?,Expected completion is in 2029.,6
1bcbf24e-c0b1-4420-8cbf-4d96565f7834,21f65c22-0ac4-4e2e-92df-029afe926330,What is the land area and how many towers are there?,Emaar Urban Oasis covers 6.64 acres with five high-rise towers up to G+30 floors.,2
1c12c1b4-b9ba-4cdc-922e-9055c0fdb6c3,c05bb44a-4d96-4c65-9703-923dd67a4b91,Is the project RERA approved?,"Yes, 4S The Aurrum is RERA approved with registration number GGM/849/581/2024/76.",1
1c21ba3a-3ada-4759-8fd9-46b9851a41ba,986e025d-5bf1-4c5d-90b9-2c5bda59d34a,What is the starting price for SPJ Vedatam shops?,SPJ Vedatam offers premium projects with prices starting at ₹75 Lakhs onwards.,2
1c46051e-9cbe-4c23-aa23-0a9d401d17d8,5ff0bc90-310e-4041-b86c-812b13c5bdad,What are the project highlights and amenities?,"Amenities include a 1.25 lakh sq.ft. luxury clubhouse, Olympic-size swimming pool, floating sauna, professional gym, concierge services, private elevators, VRV/VRF AC, panoramic balconies, extensive green spaces, smart home tech, and more.",3
1ca7f8ad-f962-4d8b-8248-4d7b2760528a,c4348b89-26f3-4e74-9253-4a68bd32df22,What is the RERA number and expected possession?,RERA ID is 375 OF 2017 and possession is targeted for December 2025.,2
1d137141-9d47-4222-8222-01d19a91aadc,728db93d-8501-488a-a01b-8917095530a1,When is the expected possession date?,Expected possession is in May 2032.,2
1d3e5a5c-f5f4-445c-98a7-8ce0828054f5,bccdee7e-3f5d-4e88-a0c9-070942334caa,Where is Silverglades The Legacy located?,"Silverglades The Legacy is located in Sector 63A, Golf Course Extension Road, Gurgaon.",2
1efe0c4a-42b7-4b91-8fb2-c2f031381719,4c17e492-2ed5-478e-82e3-2756706a85f9,What is the possession date?,The expected possession date is August 2026.,4
1f125519-42cc-494f-97c5-a7349124ec75,d6239c57-d7ed-4da1-84cc-3330b1ea324c,What spaces are available at M3M CapitalWalk?,"The development offers retail shops, food court outlets, double-height showrooms, and entertainment zones.",2
1f532d4a-a84c-473d-ba0c-3b25a93cc292,d0e6ac5d-365e-4efb-87da-97f37581be3a,What is the starting price for homes at DLF Privana North?,The starting price is approximately ₹6 Crore for a 4 BHK apartment.,5
1f761d39-badc-4907-ae54-f77fdd148fd5,ae24318b-3030-428a-94f6-c9c93e7789f6,What is the RERA number for Adani Lushlands?,The RERA registration number is 64 OF 2024.,3
200b6426-093d-4e7d-9af8-510275db53cb,f9b16292-de07-471d-9d9c-d9f92bd44692,What is the expected possession date?,"Smartworld One DXP is currently under construction, with possession targeted for 2028.",7
2095aa73-baf0-4b12-93f1-1891372307ce,254b6fe9-2325-4bb5-a35d-b214cb88764d,What is the starting price for homes at DLF Privana South?,"4 BHK residences start at ₹7.5 Crore, while penthouses are priced up to ₹12 Crore.",1
2342a6ff-3e48-4fdd-987c-ebcb68b8dca6,d0e6ac5d-365e-4efb-87da-97f37581be3a,What unit sizes are available at DLF Privana North?,The project offers 4 BHK apartments ranging from 3500 to 3900 SQ.FT.,4
242f9b1c-051f-4232-b6d1-904b092e7f68,254b6fe9-2325-4bb5-a35d-b214cb88764d,Where is DLF Privana South located?,"DLF Privana South is located in Sector 77, Gurgaon, with direct access to Central Peripheral Road and proximity to the SPR Metro, IGI Airport, schools, and hospitals.",2
2445f678-f838-446b-9dfe-48df844a23cf,5ff0bc90-310e-4041-b86c-812b13c5bdad,Where is Elan The Emperor located?,"Elan The Emperor is located in Sector 106, Dwarka Expressway, Gurgaon, providing seamless connectivity to IGI Airport, Delhi, and major business districts.",1
249f3098-4ca8-4c18-a556-902b357f7960,3fed7102-bc0c-4fe5-a6b4-b30868757223,Where is M3M Crown located?,"M3M Crown is located at Sector 111, Dwarka Expressway, Gurgaon, Haryana",6
24bc3a6b-d9e8-4920-8931-92c0a41b6531,21f65c22-0ac4-4e2e-92df-029afe926330,How many apartments are there in the project?,There are a total of 424 premium residential units.,4
24f40868-f3bd-48ed-9915-d93b0e857d7d,a44c5240-3c6f-4c6a-96ee-8ac62af3511e,Is there a maintenance charge?,"Yes, maintenance charges are applicable and cover common area upkeep, security, clubhouse, landscaping, and other shared amenities.",4
253a6757-7dd3-4dad-b77c-9756dec52bc8,21f65c22-0ac4-4e2e-92df-029afe926330,What apartment sizes are available?,"Available layouts include 2 BHK (1525 sq.ft.), 3 BHK (2124-2410 sq.ft.), and 4 BHK (3842-4260 sq.ft.), including simplex and duplex options.",3
25abfd5f-9788-4b99-805a-eecc492d8cc0,ae24318b-3030-428a-94f6-c9c93e7789f6,What luxury amenities are provided?,"Amenities include a luxury clubhouse, infinity pool, sports club, fitness gym, zen gardens, kids’ zones, and concierge with 5-tier security.",6
25c581c8-fef0-4036-9d7f-22401ffd957e,165ef67e-ef7b-4dde-9a9b-817a92875500,Who is the developer of Elan Paradise?,"Elan Paradise is developed by Elan Group, a leader in Gurgaon commercial real estate.",2
26a02b87-1146-4f3b-8310-2e11857e57c8,5ff0bc90-310e-4041-b86c-812b13c5bdad,Who is the developer?,"Elan The Emperor is developed by Elan Group, a leading real estate company in Gurugram, known for ultra-luxury commercial and residential projects.",5
26dd21b2-3b2b-443c-aece-d3f72c83f2c8,728db93d-8501-488a-a01b-8917095530a1,What are nearby landmarks and connectivity options?,"Located in Sector 69, Gurgaon near NH-48, SPR, Vatika Chowk, and Airia Mall, with easy access to IGI Airport and Cyber City.",4
291dd2c2-9e65-40cb-bcee-9a41f5451e57,6b1c33af-b1a9-49a4-a9ca-6fa3545214f2,What is the possession date for Experion The Trillion?,Possession is expected by July 2029.,3
29923e6c-43d6-4a1f-994a-58dec238ef57,25c84bea-37cc-4a00-a8eb-a504f8a191f4,What types of commercial spaces are offered at M3M Jewel?,"The project offers premium retail outlets, wellness hubs, entertainment zones, and dining spaces, all designed for a luxury and immersive experience.",4
29c2e4ef-c135-445a-ae2b-7400103fc2cb,3fed7102-bc0c-4fe5-a6b4-b30868757223,What is the possession timeline?,The project is under construction and possession is expected by December 2028,3
2a329729-0848-484b-bdd5-6475da9081a1,ae24318b-3030-428a-94f6-c9c93e7789f6,Who is the developer of Adani Lushlands?,"Adani Lushlands is developed by Adani Realty, a leading luxury developer in India.",1
2aff438b-0446-4d27-bbed-467c1d886ba7,25c84bea-37cc-4a00-a8eb-a504f8a191f4,What amenities and experiences can one expect at M3M Jewel?,"Expect open-air luxury spaces with breathtaking views, a blend of exclusive global brands, exotic dining, entertainment, tranquil indulgence, and robust infrastructure.",7
2b42958e-2de5-4f67-90f9-030c7c93d014,f9b16292-de07-471d-9d9c-d9f92bd44692,What configurations are available at Smartworld One DXP?,"The project offers premium 2.5 BHK and 3.5 BHK high-rise apartments with smart layouts, spacious balconies, and premium finishes.",8
2c4ffc15-9531-491b-bc9b-89058ee24c17,60fb584b-a3b6-4ade-9adb-8eb02508682d,Who is the developer?,"Emaar Serenity Hills is developed by Emaar India, noted for luxury residential and commercial projects.",0
2c715705-ca4a-48e1-965a-b6852769991b,c05bb44a-4d96-4c65-9703-923dd67a4b91,Is it a good investment opportunity?,"Yes, it offers ultra-luxury living, reputable development, and prime location advantages for buyers and investors.",9
2d0fabf9-ed5e-43e7-8172-586a76c6ca40,06e0aa61-ef5c-4892-beec-a5a1df6ec52c,How many apartments are in the project?,The project features approximately 522 luxury apartments.,2
2d898dc7-afab-4316-bde5-dc6c81b6be04,25c84bea-37cc-4a00-a8eb-a504f8a191f4,Where is M3M Jewel located?,"M3M Jewel is located on MG Road, Sector 25, Gurugram, Haryana, placing it at the heart of Gurugram's most vibrant commercial and retail district.",6
2d9204a2-9bd2-404f-8fdb-768a6ff32a95,d2afb735-8465-414a-924f-a7226ea3319a,What is the starting price for homes?,Residences start at ₹3.75 Crore* for 3 BHK apartments.,1
2db4330d-384f-4029-aa43-1ad78a71da7b,60fb584b-a3b6-4ade-9adb-8eb02508682d,What RERA numbers apply?,The project is registered under RERA numbers 96 OF 2025 and 97 OF 2025,0
2ff7ce49-bc5d-4fb1-9848-d9c745f1afff,5ff0bc90-310e-4041-b86c-812b13c5bdad,When is the expected possession date?,The project is under construction with possession expected by September 2032.,4
30b89bc5-8655-4fad-bb6e-cb9f7c38b8ae,6a3994f8-8b87-441d-8d43-732f7162ac90,What is the handover/possession date for M3M Mansion?,Possession is expected by February 2032.,1
311e4ca0-34a3-4fd0-a823-a8ab6cf6bc07,4c17e492-2ed5-478e-82e3-2756706a85f9,What is the launch date of M3M Paragon57?,M3M Paragon57 was launched in January 2023.,6
316f0738-2d37-483b-bb9d-64d1cdbab14a,d9401432-af8d-41fc-8230-594a70cc2a98,What is the launch date of M3M Route 65?,M3M Route 65 was launched in September 2022.,1
33892060-426e-4868-860b-633af647ebeb,60fb584b-a3b6-4ade-9adb-8eb02508682d,What is the expected possession date?,Possession is expected by December 2028,0
33d3429a-006a-4794-9a09-75c7f63bb11d,8b6a09f7-9696-4811-ad43-bad1dea5f324,Where is DLF Privana West located?,"DLF Privana West is located in Sector 76 on Southern Peripheral Road, Gurgaon, with excellent connectivity to NH-8, Dwarka Expressway, and the IGI Airport.",2
354425cd-c6ed-4aea-a383-3abe7cca0d78,0ef5cdef-6f02-4591-a386-553534d6cce0,What is the price range of 4 BHK units?,Approximately ₹5.25 Cr to ₹5.75 Cr depending on configuration and floor.,1
3565fef9-2140-4bad-8b1e-d822e1382ac9,049251cb-0089-4e71-8624-88c23074f082,What is the handover/possession date for Sobha Aranya?,Expected possession for Sobha Aranya is by December 2028.,1
3718a7bf-895f-4172-97bb-752afae3fde8,ead71e2f-5982-4c58-b243-5e9cd88d9fe9,How well-connected is the location?,"The project has seamless connectivity to Dwarka Expressway, IGI Airport (28 minutes away), Cyber City (30 minutes), major schools, hospitals, malls, and business districts.",9
38485d9e-fc97-4a21-ba4a-b41c860046cd,7a117c0f-16eb-4536-a0a6-028271a06f3b,What unit sizes and configurations are available at Hero Homes The Palatial?,Available configurations include 3.5 BHK (2833 SQ.FT) and 4.5 BHK (3457 SQ.FT) luxury residences.,1
396cb1fa-ee55-4c1e-af33-27bb80184299,a0526302-80d5-40e4-ba4f-0e030521e651,How can I buy the property?,"To buy the property, please contact us at 9910007801.",7
39a68f08-d772-4aee-a508-ca766a22cb9b,d2afb735-8465-414a-924f-a7226ea3319a,Who is the developer?,"The project is developed by BPTP Group, one of NCR’s leading real estate firms.",2
39db5036-ade4-4c43-9e70-af7f902d69fd,8e7d9d67-660b-4099-b583-f39f14bf9a26,How many towers and apartments are there?,This estate comprises 5 towers with approximately 1000+ luxury units.,4
3a7037c7-83dd-4221-9b98-4fb1e4b362d2,60fb584b-a3b6-4ade-9adb-8eb02508682d,What types of homes are available?,"Residences are available in 2, 3, and 4 BHK configurations, featuring modern layouts and high-end specifications.",0
3a851530-bc5c-43f4-9d83-049030b28193,a44c5240-3c6f-4c6a-96ee-8ac62af3511e,When is the possession date?,The project is scheduled for possession by December 2027.,1
3b16040b-9418-4089-914e-8331a9c928b1,8853edc1-08b4-4512-b7d8-5e10800896fe,Where is Trevoc Royal Residences located?,"Trevoc Royal Residences is located at Sector 56, Golf Course Road, Gurgaon.",1
3b27776d-b5e6-41c7-b819-f8f6fcf7df98,982ed68a-ba24-4226-b101-01e7f90de70a,What is the RERA number and possession date?,RERA ID is RC/REP/HARERA/GGM/768/500/2023/112. Possession expected around 2027-2028,2
3b849729-c2b7-41a7-a888-7996b3f001a7,f9b16292-de07-471d-9d9c-d9f92bd44692,What payment plans are available for buyers?,"The project offers flexible payment schedules, such as construction-linked plans, subvention plans (during offer periods), and down payment discounts. Major banks offer home loan support.",3
3c29108e-541b-4fbe-8e50-7e475dd31f9d,bfdbaac8-419e-473e-ae73-6edd80f14387,Where is Shapoorji Pallonji The Dualis located?,"The Dualis is located at Sector 46, in the heart of Gurgaon, Haryana.",2
3db4305d-c4ba-444c-8985-552cf9fc5956,3fed7102-bc0c-4fe5-a6b4-b30868757223,Is M3M Crown RERA registered?,"Yes, the project is registered under RERA with ID GGM/687/419/2023/31.",1
3ecd5e7e-e45c-4746-9035-2daf981bbc15,25c84bea-37cc-4a00-a8eb-a504f8a191f4,How is M3M Jewel connected to key destinations in Gurugram and Delhi?,"The location provides quick access to Golf Course Road (500 meters), NH-8 (2 minutes), Cyber City (2 minutes), Aero City (10 minutes), South Delhi (15 minutes), and Mumbai Expressway (20 minutes).",5
40555b65-b6a4-4a97-aead-6b9311234f89,049251cb-0089-4e71-8624-88c23074f082,What unit types and sizes are available at Sobha Aranya?,"Sobha Aranya offers eco-luxe 3 BHK units (starting at 2836 sq.ft.) and 4 BHK units (up to 4285 sq.ft.), all oriented for privacy and modern luxury.",6
40ef0d2c-6f63-4eac-9c06-0082e9205693,d9401432-af8d-41fc-8230-594a70cc2a98,What types of spaces are available at M3M Route 65?,"It offers retail shops, food court spaces, office spaces, and restaurants distributed over four retail levels with anchor shops on every floor.",3
422e785f-8b6c-45b0-bce5-2ca1a142f3d6,e59debce-1f67-4a5f-ab7e-613fe1441982,What is the RERA number and expected possession?,The Haryana RERA number is 13 OF 2025 and possession is targeted for June 2032.,4
42593c38-b0dd-43a4-8af0-e1742e89dbd0,9301a8cc-a2ab-4828-98a8-455229bd4beb,What is the expected possession date?,Possession for Elan Empire is expected by June 2026.,3
42be6f59-f9c2-48a4-9c5b-6c0a906e69b9,12ae60bb-6415-427c-86ad-adcb52eb5a8f,What apartment sizes are available?,4 BHK (3610 sq.ft.) and 4 BHK + Lounge (4800 sq.ft.) lavish layout options.,2
43bf16f3-6931-4f0a-a5b6-dfd3f384a236,37aab4b2-99cd-4d22-9d89-a29e1c2868c4,How many units and towers are there?,There are 240 luxury units spread across two towers.,3
43e99d10-d9ce-4fb0-8707-725f47a62972,ae24318b-3030-428a-94f6-c9c93e7789f6,What is the configuration available?,Adani Lushlands offers 4.5 BHK + Lounge apartments (4750 SQ.FT) and 6 BHK penthouses (6383 SQ.FT).,7
453e9ec7-2173-4e1a-ad86-8bd0bf5acb0b,8e7d9d67-660b-4099-b583-f39f14bf9a26,What are the available floor plan sizes?,3.5 BHK apartments (2780 sq.ft.) and 4.5 BHK apartments (3780 sq.ft.).,2
457a1382-18f4-4430-9421-4b062a8f564c,ead71e2f-5982-4c58-b243-5e9cd88d9fe9,What amenities and features are provided?,"Amenities include a podium-level clubhouse, Olympic-size swimming pool, professional gym, floating sauna, landscaped greens, concierge services, home automation, modular kitchen, VRV/VRF ACs, and 5-tier security.",8
45de295f-4d24-4d57-a9fd-2818d28b7acc,254b6fe9-2325-4bb5-a35d-b214cb88764d,Is there a brochure available for DLF Privana South?,"Yes, official brochures, floor plans, and details are available for download from the DLF website or by inquiry.",4
461bdb4c-d3ef-417e-ba02-f06fca33fbfa,7c97e410-c9ab-43a3-bd32-65a83a08fd8b,Where is DLF Club Arcade located?,"DLF Club Arcade is located in Sector 91, within the DLF Gardencity township in Gurugram",0
4639365d-b8c1-4b91-b2d8-abe8e1b0ee51,728db93d-8501-488a-a01b-8917095530a1,Are the apartments Vastu-compliant?,"Yes, all apartments are designed as per Vastu to promote positivity and well-being.",1
46cd763b-4216-46c5-8bff-da0abea12adb,165ef67e-ef7b-4dde-9a9b-817a92875500,What spaces are available at Elan Paradise?,"The project offers luxury retail shops, food courts, entertainment zones, and multiplex facilities.",5
474c5e30-88d5-4c55-a24b-1b415d8afe4c,d2afb735-8465-414a-924f-a7226ea3319a,How can I book a unit?,"Booking is available through BPTP’s sales team, authorized brokers in Gurugram, and via the official project website.",6
486953de-bb5c-475d-9c39-6ad4db11082b,0d428cdd-2dcd-46ea-85ec-98471e318483,What types of homes are available?,"The project offers 3 BHK, 3.5 BHK, and 4 BHK luxury apartments.",0
48c6ff06-8c44-4ba1-a119-7fcd21737c82,c4348b89-26f3-4e74-9253-4a68bd32df22,What is the land area and how many towers are there?,"M3M Trump Towers is planned on about 2.83 acres, featuring iconic twin towers rising 600+ feet.",4
4a55d0cd-ffb1-468a-9d67-b1fd7d77ce18,bd535d19-6a06-45cc-a692-3d56849d8e89,Who is the developer?,Whiteland Westin Residences is developed by Whiteland Corporation in collaboration with Marriott International (Westin).,4
4a796506-44ce-4580-999f-65c92712d86d,0ef5cdef-6f02-4591-a386-553534d6cce0,When will possession begin?,Possession starts around June 2027.,4
4c7279db-f021-415e-af54-6b05052a0239,25c84bea-37cc-4a00-a8eb-a504f8a191f4,Which brands and retailers are present at M3M Jewel?,"The project has onboarded a curated selection of leading global and Indian brands, offering luxury retail, shopping experiences, and fine dining (refer to the official website or sales team for up-to-date brand lists).",3
4c80f789-ca25-44e7-b59e-b68e6064dce8,c4348b89-26f3-4e74-9253-4a68bd32df22,What are the available apartment sizes?,"Residences offered are 3 BHK (3150, 3525 sq.ft.) and 4 BHK (4550, 6050 sq.ft.) luxury apartments.",1
4ce77da5-1f64-4fc5-8109-32e0908a809c,2a2c45d5-0f68-459c-a286-0509b7bb6073,What is the RERA number?,The Haryana RERA registration is 48 OF 2023.,1
4dc07c9d-83d4-4d14-93c1-c1a05c807994,25c84bea-37cc-4a00-a8eb-a504f8a191f4,What are the unique architectural features of M3M Jewel?,"M3M Jewel boasts a futuristic design with an iconic 85-meter-wide frontage, six levels of experiential luxury, and multi-tiered access points for seamless movement.",2
4e9b658d-6186-4b19-8054-ab5aa1609c68,ead71e2f-5982-4c58-b243-5e9cd88d9fe9,Who is the developer of Elan The Presidential?,"Elan Group, a reputed luxury real estate developer.",4
4eb986e7-aa37-4f6d-989a-8c893f2f0eeb,ae24318b-3030-428a-94f6-c9c93e7789f6,What is the starting price for homes at Adani Lushlands?,"The starting price is ₹12.87 Crore for a 4.5 BHK, and ₹15.5 Crore for penthouses.",4
4ef7da40-0040-40df-88cb-b356a3422cc2,254b6fe9-2325-4bb5-a35d-b214cb88764d,What unit sizes and configurations are available at DLF Privana South?,"Units include 4 BHK with staff room (3577 SQ.FT) and 5 BHK penthouses (5472 SQ.FT), all with luxurious layouts.",3
4ffecb84-6d56-49bc-a858-e392ab8d67c6,ef4d244d-fb32-42d7-a4be-0f515c4ed2c8,Where is Paras Manor located?,"Paras Manor is located in Sector 2, Gwal Pahari, Gurgaon on the Gurgaon-Faridabad Highway, near Golf Course Road.",1
51a43dad-a0ad-48b5-a934-5a773fc2dd2e,254b6fe9-2325-4bb5-a35d-b214cb88764d,Who is the developer of DLF Privana South?,"DLF Privana South is developed by DLF Ltd., one of India's most reputed luxury real estate developers.",6
5241e30e-c7d0-47cd-b547-085f4303849d,7a117c0f-16eb-4536-a0a6-028271a06f3b,How can a unit be booked in Hero Homes The Palatial?,Units can be booked by contacting project representatives or the official Hero Homes website and filling in the inquiry or booking forms.,2
53774bc6-14d4-4464-849e-529346a37120,4c17e492-2ed5-478e-82e3-2756706a85f9,What amenities are available?,"CCTV security, parking, reception, entertainment, multi-level parking, elevators, and modern F&B spaces.",3
557d5076-320f-4139-b906-34b153d4c8cb,5ff0bc90-310e-4041-b86c-812b13c5bdad,What is the starting price for homes?,"Apartments start from approximately ₹10.45 Crore, with penthouses available at even higher price points, depending on the configuration.",6
5d0976ee-35d9-434f-a761-4e3543edaf2a,6b799d00-5a0b-4a72-be56-4bd7c78352b0,What is the price range of Tarc Ishva Gurgaon apartments?,The price range is ₹7 Cr* to ₹9.13 Cr*.,5
5dcf019f-233e-4970-9b93-eef5ec76cce2,f9b16292-de07-471d-9d9c-d9f92bd44692,Is Smartworld One DXP a good investment?,"Yes, due to its prime location, high-end amenities, ongoing infrastructure development nearby, and the reputation of the developer, Smartworld One DXP holds strong investment potential.",6
5f3477fc-9398-4441-8e75-237f3579b584,a0526302-80d5-40e4-ba4f-0e030521e651,What amenities are available?,"Amenities include car parking, power backup, security, children's play area, food courts, pharmacy, gym, and amphitheatre.",4
5fa8c660-a060-47d1-9145-92326d5104a4,37475cb7-21c0-4c64-ba62-5174ca162a47,What amenities and highlights are included?,"Premium clubhouse, pools, wellness zones, sports courts, lush landscaping, multi-tier security.",2
60be05c7-7106-4ff9-92e9-4f0d995b604f,0ef5cdef-6f02-4591-a386-553534d6cce0,What is the total project area and number of units?,The project spans about 7 acres and offers around 260 units.,6
64faa878-e3d2-4eda-9b87-f32d1e3cf3bd,c05bb44a-4d96-4c65-9703-923dd67a4b91,Where is 4S The Aurrum located?,"Sector 59, Golf Course Extension Road, Gurgaon, Haryana.",6
650954bc-b6c2-4b58-931b-2bb5b339844b,7c97e410-c9ab-43a3-bd32-65a83a08fd8b,What is the property type?,It is a commercial high-street retail project with shops and F&B spaces,0
663116ca-7d6d-4de4-b314-d72adf64036d,0d428cdd-2dcd-46ea-85ec-98471e318483,Who is the developer?,"Developed by Birla Estates, a subsidiary of Aditya Birla Group.",0
67fe35c0-7a8c-4c2c-b91b-c0d1f33eab78,5ff0bc90-310e-4041-b86c-812b13c5bdad,How can I book a unit?,"Homes can be booked via Elan’s sales team, authorized brokers in Gurgaon, or through the official website for exclusive offers and pre-launch benefits.",7
6917b071-a3ff-479a-b106-3c413c1ad2a3,12ae60bb-6415-427c-86ad-adcb52eb5a8f,"How many acres, towers and units are planned?",Spread across 5.5 acres with 4 towers and 248 ultra-luxury apartments.,4
6937587e-4110-4de1-9599-475598774573,ef4d244d-fb32-42d7-a4be-0f515c4ed2c8,What is the configuration available?,"All apartments are 4BHK (4750 SQ.FT), 3-sided open, with private lift lobbies and panoramic Aravalli views.",6
6951c75e-6c4a-4959-9661-c2ce2c94dd78,25c84bea-37cc-4a00-a8eb-a504f8a191f4,Who is the architect behind M3M Jewel?,"The project is designed by DP Architects, renowned for their expertise in planning and delivering masterpieces in the real estate sector.",1
69ac963d-5a21-49d1-9810-03d4c8ca1248,bfdbaac8-419e-473e-ae73-6edd80f14387,How is the connectivity?,"Located in Sector 46, Dualis offers seamless access to NH-48, Huda City Centre Metro, DLF Cyber City, top hospitals, schools, shopping malls and IGI Airport.",1
6a1187cc-0e76-4540-bb28-bff196f0bb48,9301a8cc-a2ab-4828-98a8-455229bd4beb,What makes Elan Empire unique?,"Elan Empire combines futuristic glass façade architecture with high-street retail, entertainment, F&B, and offices, making it a vibrant lifestyle destination.",2
6b26de64-4b8c-437f-9831-9deb8044e642,b78f7b94-2629-4566-b8a8-a14b578d3434,What is the starting price for homes at AIPL Lake City?,Prices start from approx. ₹3.5 crore for 3 BHK apartments,6
6e922ab9-63aa-43ea-8014-1a506c05d034,6b799d00-5a0b-4a72-be56-4bd7c78352b0,What is the total project site area?,The total area is 7 acres.,2
714e5b17-d5a0-4ebc-9446-804780d113b2,6b799d00-5a0b-4a72-be56-4bd7c78352b0,What types of apartments are available at Tarc Ishva Gurgaon?,The project offers spacious 3 BHK and 4 BHK luxury apartments.,3
71a19229-f1d3-4d51-9c24-203958158f4c,254b6fe9-2325-4bb5-a35d-b214cb88764d,What amenities and highlights does DLF Privana South offer?,"Residents enjoy a 1.25 lac sq.ft. clubhouse, wide party decks, VRV air-conditioning, home automation, EV charging, and lush landscape gardens.",5
71c5a39d-7713-43df-afe7-7c157d04d022,ef4d244d-fb32-42d7-a4be-0f515c4ed2c8,What is the RERA number for Paras Manor?,The RERA registration number is 38 OF 2024.,5
721f4c5e-5e9e-4027-a1ff-2250fd9eed8d,0ef5cdef-6f02-4591-a386-553534d6cce0,What is the RERA number of Adani Samsara Ivana?,RC/REP/HARERA/GGM/896/628/2024/123,5
726f1a94-d1ac-4fb8-8d7d-8af6b3ebd0fe,a3af1f05-e6bb-4a25-a7be-1f9115867304,Where is Elan Imperial located?,"Sector 82, Gurgaon",1
72b0ac93-172a-4cd0-9023-76e4d3435b12,6a3994f8-8b87-441d-8d43-732f7162ac90,Who is the developer of M3M Mansion?,"M3M Mansion is developed by M3M Group, a leader in luxury real estate in North India.",5
73250427-97e0-44b6-b405-9a3c60c76bc9,b78f7b94-2629-4566-b8a8-a14b578d3434,What is the handover/possession date for AIPL Lake City?,Possession is expected by December 2030,3
73407d77-d284-4f3a-bb67-55247042ccd6,728db93d-8501-488a-a01b-8917095530a1,What are the key amenities provided?,"Over 30 amenities including a clubhouse, infinity pool, gym, children’s park, yoga and meditation spaces, landscaped gardens, 24x7 security, EV charging, smart lifts, and multi-level parking.",5
74056f9a-67a6-49ce-9935-c6a0e1a5ce8e,ead71e2f-5982-4c58-b243-5e9cd88d9fe9,Is Elan The Presidential a gated community?,"Yes, the project is a fully gated community with multi-tier security and CCTV surveillance.",1
74a205cd-77af-48e2-a051-67dbb664afc7,c05bb44a-4d96-4c65-9703-923dd67a4b91,Who is the architect of the project?,The architect is Hafeez Contractor.,7
74c78363-1471-4376-be46-2ba135d343b6,986e025d-5bf1-4c5d-90b9-2c5bda59d34a,What is SPJ Vedatam's RERA number?,RC/REP/HARERA/GGM/927/659/2025/30,1
753bce9b-e6e1-4459-bb71-a4ab693f6348,d2afb735-8465-414a-924f-a7226ea3319a,What amenities and highlights are offered?,"BPTP Gaia offers sky gardens, glass façade towers, yoga decks, over 1.75 lakh sq.ft. amenities, wellness zones, private elevators, and expansive green spaces.",4
75a60e02-a6ee-4b68-8c3a-f9be22f7e951,6b1c33af-b1a9-49a4-a9ca-6fa3545214f2,Where is Experion The Trillion located?,"Experion The Trillion is located in Sector 48, Sohna Road, Gurgaon.",2
75b058a1-b5a6-4f6c-acdb-e729a8cb3b63,37475cb7-21c0-4c64-ba62-5174ca162a47,How many towers and units are planned?,There are 4 towers (G+42 floors each) and 320 luxury apartments.,4
777e4347-1332-4c16-a8b7-66f14a8ce394,12ae60bb-6415-427c-86ad-adcb52eb5a8f,What are the key amenities and highlights?,"Triple height lobby, 40,000 sq.ft. clubhouse, sky lounges, private lifts, multi-tier security, and Aravalli-facing greens.",3
7808efbc-90ec-4509-ae4f-9147fa1987f3,8eab2ac6-fbc3-450e-b4a9-16ae669df765,Who is the developer of Trump Residences Gurgaon?,"Trump Residences is developed by Smartworld, a reputed real estate company known for its focus on honesty, professionalism, and high standards in design and delivery.",7
788de5f1-43fa-4f22-9ef3-0127ab432a7a,8b6a09f7-9696-4811-ad43-bad1dea5f324,Who is the developer of DLF Privana West?,"The project is developed by DLF Ltd., renowned for premium real estate projects across India.",5
7892f7c5-9d7f-4e4a-af42-d4ead7a7f28f,37475cb7-21c0-4c64-ba62-5174ca162a47,What is the RERA number and expected possession?,"RERA ID is RC/REP/HARERA/GGM/592/324/2022/67, and possession is targeted for December 2026.",1
78bdfb6d-f4ed-453a-9c7e-25290240b7bd,8eab2ac6-fbc3-450e-b4a9-16ae669df765,Is there a brochure available for Trump Residences?,"Yes, interested buyers can download a brochure for Trump Residences from the official website.",4
79136774-8acb-4172-94e0-3f938be26736,8eab2ac6-fbc3-450e-b4a9-16ae669df765,What is the location of Trump Residences?,"Trump Residences is located in Sector 69, SPR Road, Gurgaon. It offers leading connectivity with proximity to the proposed Metro Corridor, 10 minutes from NH-8 and Golf Course Road, and a 30-minute drive from IGI airport.",3
79baa48f-cfeb-428c-8887-e803d3f9b117,90c0031f-c707-4bed-b8f7-75f690c2b088,How is the connectivity?,"The project enjoys excellent connectivity to Golf Course Extension Road, Sohna Road, NH-48, Delhi Metro, and IGI Airport.",1
7aef1d73-8b88-4447-9403-73b9aad9a702,ead71e2f-5982-4c58-b243-5e9cd88d9fe9,Why should one invest in Elan The Presidential?,"Key reasons include strategic location, luxury amenities, strong capital appreciation prospects, lush green surroundings, and the developer’s reputation.",10
7bbe4b94-a678-4063-898e-14e51e6b6263,491d8e64-e144-40cd-bf4b-0273fc49acf7,Who is the developer of M3M Altitude?,M3M India.,1
7d08c8a9-c8c7-43c4-8d0a-fb9384abe86c,982ed68a-ba24-4226-b101-01e7f90de70a,What construction is allowed,Basement + Ground + 4 upper floors on each plot,0
7d676d08-0023-4e7f-8162-7e4a35798a53,982ed68a-ba24-4226-b101-01e7f90de70a,What plot sizes are offered?,Plot sizes range from 102 sq.mETER. to 402 sq.Meter,0
7f5fecae-f333-47b0-a462-1f0ae6ed683f,6b799d00-5a0b-4a72-be56-4bd7c78352b0,How many towers are being constructed?,A total of five high-rise towers.,4
7fb8e2cd-31bd-4daa-ad55-39ce91a41102,60fb584b-a3b6-4ade-9adb-8eb02508682d,What makes Emaar Serenity Hills unique?,"The project combines luxury living with comprehensive amenities, landscaped open space, modern security, and an iconic location in New Gurgaon.",0
804c0ef1-fa3b-4262-beaa-ffb4f84c29bc,20e1a7ff-2d5a-4bb7-b658-2b0c95a02d42,What are the available apartment sizes?,"The residences are offered as 3BHK 2611,2802 & 2844 Sq. Ft. and 4BHK 3531 Sq. FT. luxury apartments.",2
831b6632-9f91-403b-b29b-25743fea0cc3,37aab4b2-99cd-4d22-9d89-a29e1c2868c4,What is the RERA number and expected possession?,RERA ID is GGM/757/489/2023/101 and possession is targeted for March 2028.,1
83adb103-9343-4883-be08-fc5fb003f4c2,06e0aa61-ef5c-4892-beec-a5a1df6ec52c,What is the RERA number and the expected possession?,The RERA number is RC/REP/HARERA/GGM/885/617/2024/112. Possession is scheduled for December 2029.,4
83bc9220-ebb7-4571-8bd3-d47fb9ccade8,a0526302-80d5-40e4-ba4f-0e030521e651,Who is the developer?,AIPL Group.,5
83f35d88-dc78-4e6d-82af-e12147970576,c9b9ee68-248e-48fb-ae77-1b082109a89c,What is the starting price for AIPL Autograph?,"Office, retail, and food courts start from ₹71 Lakh, with flexible payment plans available.",1
845857b2-512f-4b19-8099-5c7754ccfcec,8853edc1-08b4-4512-b7d8-5e10800896fe,What is the RERA ID for Trevoc Royal Residences?,The RERA ID for Trevoc Royal Residences is GGM/863/595/2024/90.,3
84e2ddea-3f63-4a8e-90c4-8e7ed7ef2a8b,ead71e2f-5982-4c58-b243-5e9cd88d9fe9,What types of apartments are available at Elan The Presidential?,"The project offers 3 BHK, 4 BHK, and 5 BHK apartments with super built-up areas ranging from approximately 2450 to 6500 sq ft.",7
85a69136-d5da-4d13-acb5-ff35fda5b9f5,7dd8456b-dfd9-4960-bf55-5f165feaf48e,What are the key amenities at Yugen Greens?,"Amenities include a 5-star golf course, clubhouse, spa, fitness centers, swimming pools, and smart home automation.",3
8688baf5-4b66-47a7-9244-960a61bcdc58,d0e6ac5d-365e-4efb-87da-97f37581be3a,Who is the developer of DLF Privana North?,"DLF Privana North is a project by DLF Limited, India's most trusted luxury real estate developer.",6
8827926e-6502-47a3-89f1-a68ba38c2281,491d8e64-e144-40cd-bf4b-0273fc49acf7,Is M3M Altitude RERA registered?,"Yes, the RERA registration number is 48 of 2024",3
88860eba-0df6-433b-88de-7c7b5fccdb8a,491d8e64-e144-40cd-bf4b-0273fc49acf7,What are some key amenities at M3M Altitude?,"Amenities include Infinity Pool, Clubhouse, Gym, Security, Children’s Play Zone, and more.",5
888f06fa-d786-4b74-a68b-74d3cc5c6383,6b799d00-5a0b-4a72-be56-4bd7c78352b0,Where is Tarc Ishva Gurgaon located?,"It is located in Sector 63A, Golf Course Extension Road, Gurgaon.",1
89f504ed-ec9f-4022-8f30-46bd97eb03aa,a9fb2cee-4190-4f2f-9940-8be2199e38e3,How many residences are planned at DLF The Arbour?,"Only 1137 luxury residences are planned, making it one of the lowest-density condominiums.",5
8a3e02b7-499a-419e-9390-157a34d61ef3,d2afb735-8465-414a-924f-a7226ea3319a,What unit sizes are available?,"Currently, the project offers 3 BHK apartments starting at 2,100 sq.ft., spread across three 45-storey towers.",5
8a7f783e-8d27-427c-9271-97abcb639856,8eab2ac6-fbc3-450e-b4a9-16ae669df765,What is the starting price for homes at Trump Residences?,The starting price for Trump Residences is ₹9.27 Crore for a 3 Bed Residence. The price for 4 Bed Residences ranges up to ₹14.81 Crore for the 4936 SQ.FT unit.,2
8ad1e7f1-70ce-4699-9f3b-f8f813ea4a1b,bd535d19-6a06-45cc-a692-3d56849d8e89,Where is Whiteland Westin Residences located?,"Whiteland Westin Residences is located in Sector 103, Dwarka Expressway, Gurgaon, offering exceptional connectivity to IGI Airport, Delhi, and key business districts.",5
8c4321ea-7a72-41a2-bc33-32dff610e1a1,a3af1f05-e6bb-4a25-a7be-1f9115867304,How is the connectivity of Elan Imperial from nearby areas?,"Connectivity to NH 48 (Delhi Jaipur Highway), Dwarka Expressway, and a 75-meter Master Road.",5
8c467a5f-41f5-47b8-a40c-d986b22ef6d9,20e1a7ff-2d5a-4bb7-b658-2b0c95a02d42,What is the RERA number and expected possession?,The Haryana RERA number is RC/REP/HARERA/GGM/860/592/2024/87and possession is targeted for June 2032.,1
8e0c5be3-f35d-4a82-ad84-2e3d8b008fc4,bccdee7e-3f5d-4e88-a0c9-070942334caa,How is the connectivity?,"The project enjoys excellent connectivity to Golf Course Extension Road, Golf Course Road, NH-48, upcoming metro line, DLF Cyber Hub, and IGI Airport.",1
8e2230da-2f5b-45ff-9d79-01ff6806cbe3,a9fb2cee-4190-4f2f-9940-8be2199e38e3,What is the RERA number for DLF The Arbour?,The RERA registration number is GGM/671/403/2023/15.,2
8e2b94dd-c8ee-4e7d-a71a-2d60d0eca984,ead71e2f-5982-4c58-b243-5e9cd88d9fe9,What is the RERA registration number?,The project is RERA registered: GGM/626/358/2022/101 DATED 21.11.2022.,5
8f0c2f18-399f-4e1c-80fd-2ff3718aa66c,3fed7102-bc0c-4fe5-a6b4-b30868757223,Who is the developer?,"The project is developed by M3M India, a leading name in luxury real estate.",5
8f6bac18-d492-46e4-a5bc-8c1954e43213,c4348b89-26f3-4e74-9253-4a68bd32df22,How many apartments are in the project?,The project offers approximately 258 premium units.,3
91fce1cf-5874-4e9f-9859-c37b16e60868,491d8e64-e144-40cd-bf4b-0273fc49acf7,What configuration is available at M3M Altitude?,Ultra-luxury 4 BHK + Lounge + Study residences with premium amenities.,4
93a096b2-0447-4171-9e77-266180efb5eb,a9fb2cee-4190-4f2f-9940-8be2199e38e3,What is the possession timeline?,Expected possession is by 2028.,3
95f9cab3-efaf-4651-b61c-75ac71f9d515,3fed7102-bc0c-4fe5-a6b4-b30868757223,What types of apartments are available at M3M Crown?,The project offers 3.5 BHK and 4.5 BHK configurations with luxury layouts,2
9643ac04-a599-4f33-8ec6-10f9d2d74d67,12ae60bb-6415-427c-86ad-adcb52eb5a8f,What is the RERA number and expected possession?,RERA ID is 12 OF 2024 and possession is targeted for December 2027.,1
97c2b536-be5a-429e-ac6f-e84dee708012,8eab2ac6-fbc3-450e-b4a9-16ae669df765,What unit sizes and configurations are available at Trump Residences?,"Trump Residences offers 3 and 4 bedroom luxury residences with unit sizes including 3091 SQ.FT, 3929 SQ.FT, 4909 SQ.FT, and 4936 SQ.FT.",5
98cf917b-bed0-4023-af2f-4c6f34b05916,d6239c57-d7ed-4da1-84cc-3330b1ea324c,What amenities are included?,"Amenities include ample parking, advanced security, a central plaza, landscaped outdoor spaces, and a premium dining zone.",4
9919e4a8-c4e5-45c7-96f0-a22e9ef2ad28,37475cb7-21c0-4c64-ba62-5174ca162a47,What apartment sizes are available?,3 BHK (2250 sq.ft.) and 4 BHK (2750 sq.ft.) configurations.,3
992c7ced-c925-4630-8b1c-78a66cdcfb1e,986e025d-5bf1-4c5d-90b9-2c5bda59d34a,What are the key amenities at SPJ Vedatam?,"Amenities include a multiplex (PVR), food court, fitness center, private club, shopping, and ample parking.",5
9ad2c852-8766-42cb-8254-153a7a3c2d96,a3af1f05-e6bb-4a25-a7be-1f9115867304,Is it good to invest in Elan Imperial Gurgaon?,"The commercial project offers unique location, amenities, and payment plans, making it a strong investment option for Gurgaon.",2
9f77d6a7-53f1-4e1d-ae3d-7596db9130c4,4c17e492-2ed5-478e-82e3-2756706a85f9,What spaces are available?,"Retail shops, food courts, restaurants, multiplex, and serviced lofts.",2
9ffe9e2d-addb-420a-ae72-d5b899b70daf,7c97e410-c9ab-43a3-bd32-65a83a08fd8b,What kind of businesses are suitable here?,"The project is suited for cafes, restaurants, boutiques, salons, and other lifestyle and daily-needs retail in a high-footfall environment.",0
a11b2e52-d6dd-419d-b502-4cff8e0c95d1,3fed7102-bc0c-4fe5-a6b4-b30868757223,What are the major amenities?,"Amenities include a 75,000 sq. ft. clubhouse, rooftop lounge, infinity pool, wellness center, smart home features, and 5-tier security.",4
a12c4de6-7b3f-4d28-8990-a415dc2ef636,049251cb-0089-4e71-8624-88c23074f082,Where is Sobha Aranya located?,"Sobha Aranya is situated in Sector 80, Gurgaon, within Karma Lakelands—connected to NH48, Dwarka Expressway, and major city infrastructure.",4
a2ca4f38-8556-46e8-bdbb-7e46a8f2ea00,b78f7b94-2629-4566-b8a8-a14b578d3434,Where is AIPL Lake City located?,"AIPL Lake City is in Sector 103, Gurugram—on the Dwarka Expressway in a 50-acre luxury master plan.",4
a4b85e98-8dff-467c-8ba4-6bdef7a71408,e59debce-1f67-4a5f-ab7e-613fe1441982,What is the land area and how many towers are there?,BPTP Verti Greens is planned on about 12 acres with 7 towers (Phase 1 launching 3 towers) and high-rise G+45 floors.,1
a4ef4fb4-b5ba-4b76-81a1-79c0a4c6456f,ead71e2f-5982-4c58-b243-5e9cd88d9fe9,Are resale units available?,"Yes, resale units are available. Interested buyers can contact the developer's resale team for details.",2
a5bdaf85-9572-4fb3-a582-daa86ee0ee16,5ff0bc90-310e-4041-b86c-812b13c5bdad,Is the project RERA approved?,"Yes, Elan The Emperor is RERA-approved (RERA No. 05 OF 2025), ensuring regulatory compliance and transparency.",2
a607c4d9-fc9b-4077-913a-ed2beb76268b,c05bb44a-4d96-4c65-9703-923dd67a4b91,What is the starting price of apartments?,"The starting price is approximately ₹5.3 crore for 3 BHK units, and prices for 4 BHK are available on request.",5
a63b31a7-5d82-4613-8047-f6e7af391501,ef4d244d-fb32-42d7-a4be-0f515c4ed2c8,What is the starting price for homes at Paras Manor?,The starting price is ₹9.5 Crore for 4BHK ultra-luxury residences.,3
a8b7b4c0-5922-4f7f-b413-f38aaf94ef62,a44c5240-3c6f-4c6a-96ee-8ac62af3511e,Are there any rental or investment benefits?,"Being located in a prime diplomatic enclave, the project offers high rental demand and potential appreciation, making it an excellent investment choice.",5
a9abddc4-608b-48e0-aed2-5c127b15a24f,b78f7b94-2629-4566-b8a8-a14b578d3434,What amenities does AIPL Lake City offer?,"Residents can enjoy clubhouses, pools, spa, sports courts, kids’ activity zones, landscaped greens, and 7-tier smart security.",2
ab6bae29-a727-4c01-be58-b74a5169a49c,f9b16292-de07-471d-9d9c-d9f92bd44692,Is Smartworld One DXP RERA approved?,"Yes, Smartworld One DXP is fully RERA registered, ensuring transparency, timely delivery, and legal protection for buyers.",5
ac2cc007-2d63-4928-9662-72041f7cf53e,e59debce-1f67-4a5f-ab7e-613fe1441982,What are the available apartment sizes?,"The residences are offered as 2 BHK (1351, 1451 sq.ft.) and 3 BHK (1828, 1941 sq.ft.) luxury apartments.",2
ac31a01d-0cce-475d-856d-18637300541f,6abc2559-f9b4-4173-97fe-9b5e70f47bb1,What types of apartments are available at Hines Elevate?,The project offers spacious 3 and 4 BHK configurations with luxury specifications.,6
add308e6-676b-4891-886f-097e1fac87e8,6a3994f8-8b87-441d-8d43-732f7162ac90,What unit types and sizes are available at M3M Mansion?,"3.5 BHKs (2080-2350 sq.ft.), 4.5 BHKs (2700-4290 sq.ft.), and 5 BHK penthouses (6405+ sq.ft.), with elite specifications.",6
ae331c2f-4d47-4f2e-853c-c7a56fd9e32f,ead71e2f-5982-4c58-b243-5e9cd88d9fe9,Where is Elan The Presidential located?,"It is located in Sector 106, Gurgaon, on the Dwarka Expressway, Haryana, India.",3
aeeb9cb7-7827-4784-8408-8ac4ffdd664b,f9b16292-de07-471d-9d9c-d9f92bd44692,Who is the developer of Smartworld One DXP?,"The developer is Smartworld Developers, known for their customer-first approach and timely delivery.",1
b08e3bb9-1fd6-4699-ae19-d9242c64d201,8eab2ac6-fbc3-450e-b4a9-16ae669df765,How can I book a unit at Trump Residences?,You can book a unit or request an instant callback by calling +91 9910007801,1
b0a8d6cd-f2c0-4a26-811a-397fa7cd5085,8eab2ac6-fbc3-450e-b4a9-16ae669df765,What amenities and highlights does Trump Residences offer?,"Trump Residences features a bold architectural design inspired by Manhattan, a glass and steel façade, and brings global standards to Gurgaon's skyline, promising luxury and exclusivity.",6
b1317a8f-11b6-41fa-9737-691d8a9ee4dc,8b6a09f7-9696-4811-ad43-bad1dea5f324,What unit sizes and configurations are available at DLF Privana West?,Available configurations include 4 BHK (3500–3577 SQ.FT) and 5 BHK penthouses (5500 SQ.FT) in ultra-luxury towers.,7
b13413a0-7fd2-4903-864e-b3a7e0411f94,ef4d244d-fb32-42d7-a4be-0f515c4ed2c8,What are the key amenities at Paras Manor?,"Amenities include a 70,000+ Sq.Ft. clubhouse, indoor/outdoor sports, spa, gardens, meditation zones, and 5-tier security.",4
b23fd281-c59c-4543-8b61-a16e749b4604,8b6a09f7-9696-4811-ad43-bad1dea5f324,What amenities and highlights does DLF Privana West offer?,"DLF Privana West features luxury clubhouse, landscape gardens, sports facilities, home automation, multi-tier security, VRV air-conditioning, and ample parking.",6
b2716810-20f9-48fe-bd30-ae1a323f2f28,21f65c22-0ac4-4e2e-92df-029afe926330,What is the RERA number and expected possession?,The RERA number is HARERA/GGM/741/473/2023/85. Possession is estimated by December 2028.,1
b7333786-6976-46e2-8560-fcdddbb6744b,ef4d244d-fb32-42d7-a4be-0f515c4ed2c8,Who is the developer of Paras Manor?,"Paras Manor is developed by Paras Buildtech, a reputed name in luxury real estate.",2
b7e3d245-b5e5-491f-aaad-5dff8be11772,37aab4b2-99cd-4d22-9d89-a29e1c2868c4,What amenities does the project offer?,"A 50,000 sq.ft. clubhouse, pools, sports courts, landscaped gardens, spa, play areas, and comprehensive security are included.",2
b88aa94e-a70a-4d1c-900c-1756f651b3d6,8e7d9d67-660b-4099-b583-f39f14bf9a26,What is the RERA number and total project area?,RERA No. 58 OF 2024; land area is 22.5 acres.,3
b8e951ae-b8d1-45cb-ae12-6967ebd44b4a,a9fb2cee-4190-4f2f-9940-8be2199e38e3,What is the total land area of DLF The Arbour?,It is spread across about 28 acres.,6
bab8deca-c707-4d65-ad47-4a88ca4346d0,a44c5240-3c6f-4c6a-96ee-8ac62af3511e,What are the payment options available?,"Flexible payment plans are available, including construction-linked plans, down payment with special discounts, and bank financing through leading financial institutions.",3
bb5e8e2b-628c-4744-86c7-4cde5b45797e,a0526302-80d5-40e4-ba4f-0e030521e651,How many floors are in AIPL Joy District?,Ground + 4 floors.,1
be56356f-3da0-4344-9bec-84031c9243a9,6abc2559-f9b4-4173-97fe-9b5e70f47bb1,Is Hines Elevate RERA registered?,"Yes, the project is registered under RERA with ID RC/HARERA/GGM/2019/10.",5
bf4da33d-0327-44e2-ba1f-aefd742a6916,491d8e64-e144-40cd-bf4b-0273fc49acf7,Where is M3M Altitude located?,"Sector 65, Golf Course Extension Road, Gurgaon.",6
c0b9ea50-1716-4c2a-9f86-bddfc158e0bd,7dd8456b-dfd9-4960-bf55-5f165feaf48e,What types of residences are available at Yugen Greens?,"Yugen Greens offers luxury villas, duplexes, and apartments with configurations ranging from 2 to 4 BHK.",1
c0c3928b-0394-478e-8981-9bdab7dd34ef,6a3994f8-8b87-441d-8d43-732f7162ac90,What amenities does M3M Mansion offer?,"It offers a grand clubhouse, multiple pools, sports courts, spa, banquet, business spaces, and intelligent automated features for true luxury living.",2
c1a3b87d-b7c6-4c64-a632-dcf187cf43ec,0ef5cdef-6f02-4591-a386-553534d6cce0,Where is the project located?,"Sector 63, Golf Course Extension Road, Gurgaon, Haryana.",2
c1d64c89-6a49-48a3-94b6-7f93a7065635,e59debce-1f67-4a5f-ab7e-613fe1441982,How many apartments are in the project?,There are approximately 885 premium units in the high-rise phase.,3
c20a8aaf-9e94-4606-bab5-e4a4ca7fed45,d0e6ac5d-365e-4efb-87da-97f37581be3a,What amenities does DLF Privana North offer?,"DLF Privana North offers a luxury clubhouse, landscaped greens, smart home features, multiple sports facilities, and premium security systems.",3
c2401b32-44dd-493c-a30b-d26f2d877265,254b6fe9-2325-4bb5-a35d-b214cb88764d,How can a unit be booked in DLF Privana South?,Units may be booked by contacting DLF or authorized realtors. Flexible payment plans and bank finance are available.,7
c395bb95-8291-440b-9596-bdb5667cbf30,bd535d19-6a06-45cc-a692-3d56849d8e89,What unit sizes are available?,"The project offers 3.5BHK and 4.5BHK units from 2,673 sq.ft to 4,328 sq.ft. across 5 towers.",2
c49fe37b-f3ac-4cd8-92a3-8dc69003bdc7,d2afb735-8465-414a-924f-a7226ea3319a,Where is BPTP Gaia located?,"BPTP Gaia Residences is located in Sector 102, Dwarka Expressway, Gurgaon, offering seamless connectivity to Delhi, IGI Airport, and Cyber City.",3
c5c9eb60-0376-4c77-bb64-e05f9412e97b,f9b16292-de07-471d-9d9c-d9f92bd44692,What amenities are available at Smartworld One DXP?,"Residents can enjoy a clubhouse, swimming pool, landscaped gardens, jogging tracks, business lounges, co-working spaces, kids play areas, 24/7 security, and more.",4
c68e3033-c20f-4edf-844e-ab322ade4a74,a9fb2cee-4190-4f2f-9940-8be2199e38e3,What are some of the key amenities offered?,"Clubhouse (1.25 lac sqft), infinity swimming pool, spa, gym, landscaped greens, double-height lobby, kids area, gated security, and more.",4
c6cbf0db-c819-40f6-a785-715c5ca0a944,a3af1f05-e6bb-4a25-a7be-1f9115867304,How can I buy the property?,"To buy the property, please contact us at 9910007801.",4
ca6b0315-5f39-4403-b9d6-95e58b6b7ef3,d0e6ac5d-365e-4efb-87da-97f37581be3a,Where is DLF Privana North located?,"DLF Privana North is located across Sector 76 & 77, Gurgaon, near NH-48 and SPR Road, with smooth connectivity to IGI Airport and Cyber City.",2
cb2c10b8-1c1d-4f41-9f4f-75e7345c9222,c05bb44a-4d96-4c65-9703-923dd67a4b91,What are the main advantages of the location?,"Easy access to business hubs, Metro, IGI airport, top schools, hospitals, and five-star hotels, with excellent connectivity.",2
cba40d9a-0679-48cd-afb9-bbfebd51e987,7dd8456b-dfd9-4960-bf55-5f165feaf48e,Where is Yugen Greens located?,"It is located in Pernem, North Goa, with easy access to beaches, markets, and the Goa International Airport.",2
cd133c27-fc3f-4422-b96b-e909bad33909,bd535d19-6a06-45cc-a692-3d56849d8e89,What is the starting price for homes?,"Residences start at ₹6.22 Crore* for 3.5 BHK apartments, with ultra-premium 4.5 BHK options also available.",1
d0b4b4b5-b369-4387-9a42-b62b7dc00728,7dd8456b-dfd9-4960-bf55-5f165feaf48e,Who is the developer of Yugen Greens?,"Yugen Greens Pvt. Ltd. is the developer, specializing in luxury townships in Goa.",4
d0f7fddb-7eb1-499d-b67b-b84ce662e803,6a3994f8-8b87-441d-8d43-732f7162ac90,Where is M3M Mansion located?,"Sector 113, Gurgaon—part of a 250-acre master development, right on Dwarka Expressway.",4
d2c7da3a-4cb0-4b7d-bca5-cb5758299db6,37aab4b2-99cd-4d22-9d89-a29e1c2868c4,What apartment sizes are available?,3 BHK (1765 sq.ft.) and 4 BHK (2346 sq.ft.) options are available.,4
d65f05c6-9e9f-4a21-9490-092bb947f9d3,049251cb-0089-4e71-8624-88c23074f082,What is the starting price for homes at Sobha Aranya?,The starting price is approximately ₹7.1 Crore for 3 BHK eco-luxe residences.,5
d7be3860-729d-44fa-bdf2-02abe3d4936a,8e7d9d67-660b-4099-b583-f39f14bf9a26,What is the possession timeline?,Possession is expected by February 2029.,1
d7c21d9d-8564-44ad-8f3e-b438da4640a0,06e0aa61-ef5c-4892-beec-a5a1df6ec52c,What apartment sizes are available?,"Available layouts include 3 BHK + S (2128 sq.ft.), 4 BHK + S (2731 and 3050 sq.ft.), all with smart home features and air purifiers.",1
d7f5b015-ea18-4fdd-8d40-c37c3c6a0a62,a9fb2cee-4190-4f2f-9940-8be2199e38e3,What is the configuration offered in DLF The Arbour?,"The project offers spacious 4 BHK residences, 3956 sqft each.",7
d9ecf9ad-163d-4815-8b1c-5de5bfe4014b,9301a8cc-a2ab-4828-98a8-455229bd4beb,What types of spaces are available at Elan Empire?,"The project offers retail shops, food & beverage spaces, multiplex entertainment zones, and Grade A office spaces.",5
da0a6891-fbfa-4306-b56a-2cea13599278,7a117c0f-16eb-4536-a0a6-028271a06f3b,Where is Hero Homes The Palatial located?,"Hero Homes The Palatial is located in Sector 104, Dwarka Expressway, Gurgaon, with excellent connectivity to Delhi, IGI Airport, and key business hubs.",5
da6bb5b2-0838-4703-a7a3-5ba033d98ddd,c05bb44a-4d96-4c65-9703-923dd67a4b91,What unit sizes are available at 4S The Aurrum?,3 BHK and 4 BHK apartments are available,3
df4d6d2c-03a0-4f4a-aafb-0c864181afea,2a2c45d5-0f68-459c-a286-0509b7bb6073,What are the size options and price range?,Sizes range from 1420-2650 sq.ft; prices start at approximately ₹1.9 crore.,2
e1e1de17-9880-4324-baf1-b0000b0ce90e,4c17e492-2ed5-478e-82e3-2756706a85f9,Where is the project located?,"It is located in Sushant Lok III, Sector 57, Gurgaon, with connectivity to Golf Course Ext. and Sohna Road.",1
e26c2eed-5e45-40fb-8d99-bf1dd7acefbf,d0e6ac5d-365e-4efb-87da-97f37581be3a,How can a unit be booked in DLF Privana North?,Units can be booked through authorized sales partners or directly via DLF’s official website.,1
e2f6f767-b278-4aa6-b846-fc1873e1333c,90c0031f-c707-4bed-b8f7-75f690c2b088,Where is Smartworld The Edition located?,"Smartworld The Edition is located in Sector 66, Golf Course Extension Road, Gurgaon.",2
e355debf-f305-477d-8dc9-d4fdd7488474,20e1a7ff-2d5a-4bb7-b658-2b0c95a02d42,What is the land area and how many towers are there?,"Max Estate 360 spans a land area of approximately 11.8 acres and features 6 residential towers. This includes 4 Max Estate Towers and 2 Antara Senior Living Towers, each designed for luxury and comfort.",4
e4806e89-4678-4358-ab1f-1b05fe476a85,ae24318b-3030-428a-94f6-c9c93e7789f6,Where is Adani Lushlands located?,"Adani Lushlands is in Sector 2, Gwal Pahari, Gurgaon, along the Gurgaon-Faridabad Road with direct access to Golf Course Road and Delhi NCR.",5
e4921ce8-4a6a-4e85-ab18-622cbb5725af,a0526302-80d5-40e4-ba4f-0e030521e651,What types of spaces are available at AIPL Joy District?,"Retail shops, food courts, a multiplex (PVR), and serviced spaces.",6
e5741d47-7d08-497b-8476-c6d0d1e6d048,8b6a09f7-9696-4811-ad43-bad1dea5f324,What is the starting price for homes at DLF Privana West?,"4 BHK residences start at ₹6.7 Crore, with penthouses up to ₹13.7 Crore.",1
e6bc75a7-2a13-455f-be87-1af4711cc912,4c17e492-2ed5-478e-82e3-2756706a85f9,What is the RERA number?,GGM/651/383/2022/126,5
e76af85a-2b22-463e-a924-c4b224574aea,a44c5240-3c6f-4c6a-96ee-8ac62af3511e,Is the project RERA approved?,"Yes, Puri Diplomatic Residency is RERA registered with number - GGM/787/519/14/2024",6
e78be7b7-3b28-4b80-ae08-615834e44a10,ead71e2f-5982-4c58-b243-5e9cd88d9fe9,What is the status of the project?,"As of 2025, the project is under construction with possession expected by October 2027.",6
e78d1606-f8ff-4e76-b951-6404a61b12a0,d9401432-af8d-41fc-8230-594a70cc2a98,What services does M3M Route 65 provide to support firms?,"Ample parking, ATMs, easily accessible pharmacies, low maintenance, and 100% power backup.",4
e8ce361d-97b2-43b8-9cd7-d5d0aff23912,20e1a7ff-2d5a-4bb7-b658-2b0c95a02d42,How many apartments are in the project?,There are approximately 885 premium units in the high-rise phase,3
edad25f8-e3a0-4397-b389-b612752f185a,165ef67e-ef7b-4dde-9a9b-817a92875500,What makes Elan Paradise unique?,"It features high street retail, entertainment, gourmet dining and modern architecture, offering superior visibility and footfall potential.",4
ee3acf7b-2b2b-4558-a65d-37790b1b4d57,165ef67e-ef7b-4dde-9a9b-817a92875500,Where is Elan Paradise located?,"Elan Paradise is located at Sector 50, Nirvana Country, Gurgaon.",3
ef5d7e74-121f-4dab-9e33-78cf0ab9840e,a0526302-80d5-40e4-ba4f-0e030521e651,Where is AIPL Joy District located?,"It is located in Sector 88, Gurgaon, on the Northern Peripheral Road, close to Dwarka Expressway and IGI Airport.",2
efd31d56-55cb-4322-a1bb-c57a5d775f98,9301a8cc-a2ab-4828-98a8-455229bd4beb,Who is the developer of Elan Empire?,"Elan Empire is developed by Elan Group, one of Gurgaon's leading developers in commercial real estate.",4
f0a28cfb-0b89-40e9-83e7-0c766488250b,c05bb44a-4d96-4c65-9703-923dd67a4b91,What amenities are provided?,"Amenities include a sky clubhouse, swimming pool, kids pool, sports facilities, multipurpose hall, gymnasium, modular kitchens, VRV air conditioning, 3-tier security, and landscaped green areas.",8
f2e9829a-75c7-4ba1-9c36-b52a3b20ce65,c9b9ee68-248e-48fb-ae77-1b082109a89c,Where is AIPL Autograph located?,"AIPL Autograph is at Sector 66, Golf Course Extension Road, Gurgaon, close to several premium residences and IT campuses.",2
f61bea12-cbd5-4de0-8274-c0579f9fa501,6abc2559-f9b4-4173-97fe-9b5e70f47bb1,Who are the developers?,"Hines Elevate is a joint venture between Conscient Infrastructure and Hines, with design by Spanish architect Ricardo Bofill.",3
f6d9f05d-d053-4121-a370-fde39d6bc0f0,ae24318b-3030-428a-94f6-c9c93e7789f6,When is possession for Adani Lushlands?,Possession begins in June 2029.,2
f6f8f42c-b0bb-4aa3-82ca-e5534200e610,7a117c0f-16eb-4536-a0a6-028271a06f3b,Is there a brochure available for Hero Homes The Palatial?,"Yes, the brochure is available for download from the official Hero Homes site.",3
f742d422-c0dc-4d7a-a6e2-bee72bd701ec,7a117c0f-16eb-4536-a0a6-028271a06f3b,What amenities and highlights does Hero Homes The Palatial offer?,"Hero Homes The Palatial offers a 7-star clubhouse, wrap-around balconies, multi-tier security, smart home automation, ample green space, and exclusive parking facilities.",4
f7538bc5-4d6f-438d-a58d-68da592b6741,8853edc1-08b4-4512-b7d8-5e10800896fe,What is the possession date for Trevoc Royal Residences?,Possession is expected by February 2030,2
f79c37ff-be03-4e94-8383-acea53edd657,6abc2559-f9b4-4173-97fe-9b5e70f47bb1,What are the major amenities?,"Amenities include a British-style clubhouse, temperature-controlled swimming pool, gym, rooftop gardens, banquet halls, and advanced security.",4
fa155140-3ff9-47c6-b8d2-31ee4785e8e3,049251cb-0089-4e71-8624-88c23074f082,What amenities does Sobha Aranya offer?,"Residents enjoy a 75,000 sq.ft clubhouse, Olympic pool, healing gardens, sports courts, security, zen-themed spaces, co-working, and more.",2
fadabf4a-8df6-4f39-9e74-4abec65e72ac,2a2c45d5-0f68-459c-a286-0509b7bb6073,How large is M3M Golf Hills and what is offered?,"M3M Golf Hills is spread across 55+ acres with 17 to 26 towers (sources vary) and offers golf-view 2.5, 3.5, and 4.5 BHK apartments and penthouses.",4
fc39e9ce-c3e3-494b-8bd0-da134cdaf857,982ed68a-ba24-4226-b101-01e7f90de70a,How many SCO plots are available?,There are 75 premium SCO plots available in the project,1
fd0b748f-7e9c-4b30-9d26-22a69da43a61,a9fb2cee-4190-4f2f-9940-8be2199e38e3,Who is the developer?,DLF Limited.,1
fe6e3ab6-d152-4369-91db-163ecc82e963,0ef5cdef-6f02-4591-a386-553534d6cce0,What is the size of a typical unit?,Approximately 1702 sq.ft (carpet area) for standard floors.,3
fea30cf2-916b-4d76-bc72-ee893010dac2,728db93d-8501-488a-a01b-8917095530a1,Is the project RERA registered?,"Yes, Smartworld Skyark is RERA approved: GGM/878/610/2024/105.",3
ff2d2a68-6ef2-41eb-8211-ce3fd5133ae6,f9b16292-de07-471d-9d9c-d9f92bd44692,Where is Smartworld One DXP located?,"Smartworld One DXP is located in Sector 113, Gurgaon, right along the Dwarka Expressway. It offers excellent connectivity to IGI Airport, Delhi’s Diplomatic Enclave, and major business hubs in Gurgaon.",2
ff44ade5-19b6-494c-acbb-f8608e7bc424,6b799d00-5a0b-4a72-be56-4bd7c78352b0,What amenities are available in Tarc Ishva Gurgaon?,"Amenities include clubhouse, spa, gym, swimming pool, jogging track, play area, indoor games room, car parking, and 24x7 security with CCTV.",7