id,projectId,level,title,imageUrl,details,sortOrder
00737f83-2483-4876-a17c-a19090577130,3fed7102-bc0c-4fe5-a6b4-b30868757223,3 BHK,3BHK,https://cdn.realtycanvas.in/projects/floor-plans/1759130651180-56x67xny4nu.webp,,2
00f9c44a-0ffb-4784-b38b-fd21e932aa16,8e7d9d67-660b-4099-b583-f39f14bf9a26,Main Site,Main Site,https://cdn.realtycanvas.in/projects/floor-plans/main-site-new.webp,,1
0124f845-77fe-416e-85f8-8a165a584ad7,4c17e492-2ed5-478e-82e3-2756706a85f9,Fourth Floor,,https://cdn.realtycanvas.in/projects/floor-plans/1756507942353-33x1eacn49t.png,,7
01a6d992-8b09-4088-aace-5f898f53f47e,6a3994f8-8b87-441d-8d43-732f7162ac90,5 BHK,5 BHK - Penthouse,https://cdn.realtycanvas.in/projects/floor-plans/1757261072465-wmcgi8vy69.webp,,21
01c212b5-e536-4bb3-a7cd-810212e7c460,d6239c57-d7ed-4da1-84cc-3330b1ea324c,Ground Floor,Ground Floor,https://cdn.realtycanvas.in/projects/floor-plans/1758787164137-rnkn0jktw4.webp,,2
059cbb29-6681-4d84-a546-233cd53e3773,b49dd03f-64af-4566-a403-d1e99e39ab97,4 BHK,4bhk-penthouse-7250,https://cdn.realtycanvas.in/projects/floor-plans/1774356524252_4bhk-penthouse-7250.jpg,,0
0735c196-7238-44eb-b01f-4817927590ac,bfdbaac8-419e-473e-ae73-6edd80f14387,Main Site,Site Plan 3,https://cdn.realtycanvas.in/projects/floor-plans/1759237191848-63k43y1p518.webp,,4
0a245c26-2f86-4a3e-a87c-93292f7bbf0a,6b1c33af-b1a9-49a4-a9ca-6fa3545214f2,4bhk-type1,4bhk-type1,https://cdn.realtycanvas.in/projects/floor-plans/4bhk-type1.webp,,10
0a6be870-a0ef-4e90-888c-d630421fa9d9,06e0aa61-ef5c-4892-beec-a5a1df6ec52c,Typical Floor,34th & 35th Floor,https://cdn.realtycanvas.in/projects/floor-plans/1757569524050-ezqc4g5btnj.webp,,2
0b443eb8-5823-4460-8058-fdc72ebc08c4,60fb584b-a3b6-4ade-9adb-8eb02508682d,Main Site,,https://cdn.realtycanvas.in/projects/floor-plans/serenity-main-site-layout.webp,,0
0b7582cd-a924-4c4d-ae6e-cf4f530964a6,4c17e492-2ed5-478e-82e3-2756706a85f9,First Floor,,https://cdn.realtycanvas.in/projects/floor-plans/1756507895214-oi1f803vy6c.png,,4
0bb7d42a-fce9-45a5-b3db-b610d81ba5b0,9301a8cc-a2ab-4828-98a8-455229bd4beb,Seventh Floor,Seventh Floor,https://cdn.realtycanvas.in/projects/floor-plans/1758626215475-a9lib1f7iow.webp,,5
0c017d07-e8bd-48ac-96d7-3977f6e332e1,f9b16292-de07-471d-9d9c-d9f92bd44692,3 BHK,3.5BHK,https://cdn.realtycanvas.in/projects/floor-plans/1756299443437-sjxh1vgj5ii.jpg,,3
0e21eb96-387e-4a5e-844d-68e0eeffa8cc,25c84bea-37cc-4a00-a8eb-a504f8a191f4,Ground Floor,,https://m3mgurugram.co.in/wp-content/uploads/2024/12/floorplan-zoom-2.webp,,2
1169b61d-8a82-48a2-b4f7-5ab0c8d875da,d9401432-af8d-41fc-8230-594a70cc2a98,Third Floor,,https://m3mgurugram.co.in/wp-content/uploads/2024/12/THIRD.webp,,5
11ec1994-8d05-47df-9d3d-8cd0074c22a7,a3af1f05-e6bb-4a25-a7be-1f9115867304,Fifth Floor,,https://cdn.realtycanvas.in/projects/floor-plans/1755777569537-0ch9upgzn5ft.png,,7
12629dda-40d0-46bb-905e-7685f4780fea,b49dd03f-64af-4566-a403-d1e99e39ab97,4 BHK,4bhk-penthouse-7270,https://cdn.realtycanvas.in/projects/floor-plans/1774356527069_4bhk-penthouse-7270.jpg,,0
12d3eb81-b370-4735-a876-b43d62f07524,12ae60bb-6415-427c-86ad-adcb52eb5a8f,Site Map,Tower 4,https://cdn.realtycanvas.in/projects/floor-plans/1759305127770-rvwmwjwupv.webp,,5
1387e4b0-55ba-4cbf-9975-085dc4b3dfac,90c0031f-c707-4bed-b8f7-75f690c2b088,4 BHK,3415 SQFT,https://cdn.realtycanvas.in/projects/floor-plans/1756659418531-tl74qugkjv9.webp,,3
1427dfd6-a280-4d12-9972-5fc3e957bc10,4c17e492-2ed5-478e-82e3-2756706a85f9,Typical Floor,,https://cdn.realtycanvas.in/projects/floor-plans/1756507966061-ph06hibzs5.png,,8
14998f7b-87f3-46bd-aa4d-afa83e766c2d,bccdee7e-3f5d-4e88-a0c9-070942334caa,3 BHK,3BHK,https://cdn.realtycanvas.in/projects/floor-plans/1758016309441-ul1namrbqjs.webp,,1
14a01c63-f1a6-4592-a853-f1e638c1c2d0,7a117c0f-16eb-4536-a0a6-028271a06f3b,4 BHK,,https://cdn.realtycanvas.in/projects/floor-plans/1756799735936-gx2ymgefu9u.webp,,2
14ad7c11-6094-4e06-8e20-9deff5b22051,a0526302-80d5-40e4-ba4f-0e030521e651,Fourth Floor,,https://cdn.realtycanvas.in/projects/floor-plans/1755693746465-xfe3t7z8k8.png,,4
1522d264-c660-4f9d-8df1-264d7a3534da,a3af1f05-e6bb-4a25-a7be-1f9115867304,First Floor,,https://cdn.realtycanvas.in/projects/floor-plans/1755777294006-zy6qi8ka17.png,,3
16603242-8832-4e93-b554-f100f87e2d8b,ae24318b-3030-428a-94f6-c9c93e7789f6,Main Site,Tower 4,https://cdn.realtycanvas.in/projects/floor-plans/1759317611332-kxo57oixnw.webp,,5
170c9bbe-57a0-4761-9c37-bec9370d6e86,2a2c45d5-0f68-459c-a286-0509b7bb6073,3 BHK,3BHK,https://cdn.realtycanvas.in/projects/floor-plans/1757334124082-jv508twjjc.webp,,3
17e8199b-4c7e-40f2-b659-ba549880e825,9301a8cc-a2ab-4828-98a8-455229bd4beb,Eighth Floor,Eighth Floor,https://cdn.realtycanvas.in/projects/floor-plans/1758626241353-5cbn60zy6qa.webp,,6
18290019-c8c6-4b8c-a054-688372684011,986e025d-5bf1-4c5d-90b9-2c5bda59d34a,Sixth Floor,,https://cdn.realtycanvas.in/projects/floor-plans/1755779968864-h70fbvxunf.jpg,,8
187ad531-715c-4ab3-b97e-4f847e3a0fd2,6b799d00-5a0b-4a72-be56-4bd7c78352b0,4 BHK,3883 Sq.ft,https://cdn.realtycanvas.in/projects/floor-plans/1756100494476-dm2x1x4zyq.webp,,3
19a9a749-5e45-40dd-bd22-11186afdfd87,d6239c57-d7ed-4da1-84cc-3330b1ea324c,Second Floor,Second Floor,https://cdn.realtycanvas.in/projects/floor-plans/1758787202808-zqybqubp21b.webp,,4
1a8330b1-916b-44f5-9019-f186cb2215c4,8eab2ac6-fbc3-450e-b4a9-16ae669df765,4 BHK,,https://cdn.realtycanvas.in/projects/floor-plans/1756275795143-mej22ay7lue.webp,,4
1a92da89-5f8b-4138-98b4-c86a349b686e,3fed7102-bc0c-4fe5-a6b4-b30868757223,3 BHK,3BHK,https://cdn.realtycanvas.in/projects/floor-plans/1759130682726-qowi5p1mbtt.webp,,5
1b331c17-6725-4a5b-8b92-f2b61cc18ac2,37aab4b2-99cd-4d22-9d89-a29e1c2868c4,3 BHK,3BHK,https://cdn.realtycanvas.in/projects/floor-plans/1757661708631-phyd89qwsw.webp,,1
1c6f02c2-ef51-4b25-a7f4-a19d22f6cb05,ae24318b-3030-428a-94f6-c9c93e7789f6,Main Site,Main Site,https://cdn.realtycanvas.in/projects/floor-plans/1759317546254-f4tz8ll47ba.webp,,1
1dc1d939-eb46-47e6-ad16-7860c0b70f14,5ff0bc90-310e-4041-b86c-812b13c5bdad,5 BHK,PentHouse Wing Unit,https://cdn.realtycanvas.in/projects/floor-plans/1756888356717-g29p0athtm5.webp,,13
1dcac910-3f57-4d9c-a01a-d9107a8a7ca4,12ae60bb-6415-427c-86ad-adcb52eb5a8f,Site Map,Tower 3,https://cdn.realtycanvas.in/projects/floor-plans/1759305111010-j751rlh1ylo.webp,,4
1e2b2d23-00d0-481a-8b68-62e162665edd,6b1c33af-b1a9-49a4-a9ca-6fa3545214f2,4 BHK,3BHK-3A,https://cdn.realtycanvas.in/projects/floor-plans/3bhk-3a.webp,,3
1f41a965-fb7c-4026-8bae-c2322d10c135,5ff0bc90-310e-4041-b86c-812b13c5bdad,5 BHK,Wing Unit,https://cdn.realtycanvas.in/projects/floor-plans/1756888307186-zef1ttb3i5a.webp,,11
201f8223-01d9-474c-9660-94935645ffcf,e59debce-1f67-4a5f-ab7e-613fe1441982,3 BHK,3BHK,https://cdn.realtycanvas.in/projects/floor-plans/1757337939702-gzqcp4bsoz.webp,,5
2026bf8d-fb2c-486b-997e-3ca13dd8bc0f,6a3994f8-8b87-441d-8d43-732f7162ac90,3 BHK,3.5 BHK,https://cdn.realtycanvas.in/projects/floor-plans/1757260413586-4zhyfp0vok4.webp,,4
210fef80-8ac4-49b9-b24f-45cc7ea13c5e,bfdbaac8-419e-473e-ae73-6edd80f14387,Main Site,Site Plan 5,https://cdn.realtycanvas.in/projects/floor-plans/1759237204842-wvrjq1gs9bl.webp,,6
22ab66cc-5426-4dc4-af72-cbe675d54a05,165ef67e-ef7b-4dde-9a9b-817a92875500,Third Floor,Third Floor,https://cdn.realtycanvas.in/projects/floor-plans/1758285420360-fo1d3pvoyb.webp,,5
22f83a58-3a90-4429-9e7b-e6fa1080b1d8,5ff0bc90-310e-4041-b86c-812b13c5bdad,5 BHK,Head Unit,https://cdn.realtycanvas.in/projects/floor-plans/1756888231972-b9bvyjyr3xh.webp,,9
23094423-a5e9-4b2b-b3cb-d1f94f137149,6a3994f8-8b87-441d-8d43-732f7162ac90,3 BHK,3.5 BHK,https://cdn.realtycanvas.in/projects/floor-plans/1757260753211-z5962yi1thn.webp,,11
2358a5ce-4cb7-4444-8be4-624a50306649,c9b9ee68-248e-48fb-ae77-1b082109a89c,Site Map,Site Plan,https://cdn.realtycanvas.in/projects/floor-plans/1758623870317-rjzy7ptagy.webp,,1
235ab525-2201-47ed-8d88-9a6797230bbd,e59debce-1f67-4a5f-ab7e-613fe1441982,3 BHK,3BHK,https://cdn.realtycanvas.in/projects/floor-plans/1757337919708-lpuxc1kvjib.webp,,3
264cc6a4-678e-4044-a646-498928b88b08,7c97e410-c9ab-43a3-bd32-65a83a08fd8b,Ground Floor,Ground Floor,https://cdn.realtycanvas.in/projects/floor-plans/club-arcade-ground.webp,,0
26951a11-1218-4e6e-9647-d5754f1c75c8,5ff0bc90-310e-4041-b86c-812b13c5bdad,4 BHK,Wing Unit,https://cdn.realtycanvas.in/projects/floor-plans/1756888029869-5ff9v9g76wh.webp,,3
28cc3ccd-acbf-44ef-9db1-00e5693d34d8,9301a8cc-a2ab-4828-98a8-455229bd4beb,Fifth Floor,Fifth Floor,https://cdn.realtycanvas.in/projects/floor-plans/1758626161096-bu3oqy9z9td.webp,,3
2ab17647-a53d-425c-b543-af9d7213aa55,b49dd03f-64af-4566-a403-d1e99e39ab97,4 BHK,4bhk-wing-unit-4285-tower-2,https://cdn.realtycanvas.in/projects/floor-plans/1774356533320_4bhk-wing-unit-4285-tower-2.jpg,,0
2ac966a5-8f6f-441b-bf2c-944db3bff620,d2afb735-8465-414a-924f-a7226ea3319a,3 BHK,,https://cdn.realtycanvas.in/projects/floor-plans/1756504006612-xlm8gbjbd98.webp,,5
2ae4ba93-c0ba-4cbc-9127-a797a5352439,5ff0bc90-310e-4041-b86c-812b13c5bdad,4 BHK,Wing Unit,https://cdn.realtycanvas.in/projects/floor-plans/1756888055650-vxu2leer5g.webp,,4
2b19c60a-f5cb-46c0-b578-6899a3cd2359,bd535d19-6a06-45cc-a692-3d56849d8e89,Typical Floor,Site View,https://cdn.realtycanvas.in/projects/floor-plans/1756798993180-xdzwxv6pue.png,,5
2ba65598-9dd1-4e2e-8b05-93e190a686c2,bd535d19-6a06-45cc-a692-3d56849d8e89,4 BHK,"4 BHK ",https://cdn.realtycanvas.in/projects/floor-plans/1756798564683-mqfrnbjmpef.webp,,2
2bd01660-247c-43b7-9ce7-800dd68a849b,3fed7102-bc0c-4fe5-a6b4-b30868757223,3 BHK,3BHK + STUDY,https://cdn.realtycanvas.in/projects/floor-plans/1759130707908-k9828hj1kb.webp,,7
2c3de91d-33b6-4cda-a508-a7135ef74864,0442a99c-6f74-4f69-b564-e0ed491e52ac,Plan,ClusterPlan2And3,https://cdn.realtycanvas.in/projects/floor-plans/1774356536662_ClusterPlan2And3.jpg,,0
2ca2aada-6530-4308-b536-0735e6419d26,d0e6ac5d-365e-4efb-87da-97f37581be3a,Site Map,Sitemap,https://cdn.realtycanvas.in/projects/floor-plans/1759227666701-v6zknqcart8.webp,,1
2ce81f2e-4440-42cb-afac-93c9c540f463,a3af1f05-e6bb-4a25-a7be-1f9115867304,Third Floor,,https://cdn.realtycanvas.in/projects/floor-plans/1755777363006-oigg1xjmorj.png,,5
2d018901-f7fc-492e-87d5-37edcc1635f9,d2afb735-8465-414a-924f-a7226ea3319a,3 BHK,,https://cdn.realtycanvas.in/projects/floor-plans/1756503996986-7ejbc1m2u1x.webp,,4
2ea60e85-6d8d-4936-93b5-fdcf43f990d1,a0526302-80d5-40e4-ba4f-0e030521e651,Second Floor,,https://cdn.realtycanvas.in/projects/floor-plans/1755693722050-5bqjj8m4kpm.png,,2
2ec1c9d6-927b-4f1e-8e61-2374a4b38ba9,d2afb735-8465-414a-924f-a7226ea3319a,3 BHK,,https://cdn.realtycanvas.in/projects/floor-plans/1756503968155-tofj2f4o3z.webp,,2
2efef9a5-7fe1-4416-a49c-f59792ea9010,a3af1f05-e6bb-4a25-a7be-1f9115867304,Ground Floor,,https://cdn.realtycanvas.in/projects/floor-plans/1755777275811-582fgzpt7jx.png,,2
2fa0f136-c8dd-4f5e-b8ee-d23ba096e49d,60fb584b-a3b6-4ade-9adb-8eb02508682d,Tower C and D,,https://cdn.realtycanvas.in/projects/floor-plans/serenity-Tower-c%20-and-d.webp,,2
2fde6141-5243-4fac-ab16-5afc40fa2d27,0ef5cdef-6f02-4591-a386-553534d6cce0,Terrace,,https://cdn.realtycanvas.in/projects/floor-plans/1756882990471-t5bvqzc3h8l.png,,4
3027b805-0568-4a58-8af3-a29e8ea307c8,20e1a7ff-2d5a-4bb7-b658-2b0c95a02d42,3 BHK,2802 sq.ft,https://cdn.realtycanvas.in/projects/floor-plans/1757422164212-n08iioxp1ae.png,,3
32bd61d5-a442-47fe-b6ba-020603458c34,ead71e2f-5982-4c58-b243-5e9cd88d9fe9,5 BHK,Penthouse Wing Unit,https://cdn.realtycanvas.in/projects/floor-plans/1756797515376-j4lv81tw4.webp,,14
33d7f022-027f-428f-b6a9-7cdd19a009bf,491d8e64-e144-40cd-bf4b-0273fc49acf7,4 BHK,4BHK + Lounge + Study,https://cdn.realtycanvas.in/projects/floor-plans/1756190420536-8xmhm4ab0vt.webp,,2
3478d0bd-1936-4654-b932-6f8ba0cac7d6,a44c5240-3c6f-4c6a-96ee-8ac62af3511e,4 BHK,,https://cdn.realtycanvas.in/projects/floor-plans/1756382569741-hecozfo5he.webp,,3
36eb76a9-a142-42ad-94f4-f29613691ed6,7c97e410-c9ab-43a3-bd32-65a83a08fd8b,Second Floor,Second Floor,https://cdn.realtycanvas.in/projects/floor-plans/club-arcade-second.webp,,0
373d3209-68cf-4262-9e7c-109a277933c9,9f1e5e3d-18bb-450b-bd00-8c0406ff8d2c,3BHK B,,https://cdn.realtycanvas.in/projects/floor-plans/3BHK%20B.jpg,,0
37884fa4-9c86-4909-a1f9-0fc78629eef1,5ff0bc90-310e-4041-b86c-812b13c5bdad,Site Map,,https://cdn.realtycanvas.in/projects/floor-plans/1756887468534-thr97ba55z.webp,,1
3884ce97-9d5c-4dc4-9333-33d2a1e8c37b,6a3994f8-8b87-441d-8d43-732f7162ac90,3 BHK,3 BHK - Penthouse,https://cdn.realtycanvas.in/projects/floor-plans/1757260890254-lf6qv5wwcde.webp,,16
38cb9ec6-64ba-410b-b8a7-88e4762eb1d3,ead71e2f-5982-4c58-b243-5e9cd88d9fe9,4 BHK,Head Unit,https://cdn.realtycanvas.in/projects/floor-plans/1756796607709-j1v3gdbbzrr.webp,,5
38cc808d-c837-41ba-a177-5069385c431d,37475cb7-21c0-4c64-ba62-5174ca162a47,4 BHK,4BHK + SQ,https://cdn.realtycanvas.in/projects/floor-plans/1759127428663-gz0ozwrgpt.webp,,2
39e27347-fd7c-4c1d-a40a-870c3f493314,9f1e5e3d-18bb-450b-bd00-8c0406ff8d2c,Tower A,,https://cdn.realtycanvas.in/projects/floor-plans/Tower%20A.jpg,,0
3ae27115-f222-472e-8584-3ac8ca33a0c8,0ef5cdef-6f02-4591-a386-553534d6cce0,Basement,,https://cdn.realtycanvas.in/projects/floor-plans/1756882969447-u85ogormr0t.png,,3
3bd32506-4e16-40c2-8599-081c966a1c4d,049251cb-0089-4e71-8624-88c23074f082,4 BHK,4BHK,https://cdn.realtycanvas.in/projects/floor-plans/1758106986148-sphxgb8xm8.webp,,12
3c548371-cb74-459c-8562-f17d7037480a,986e025d-5bf1-4c5d-90b9-2c5bda59d34a,Fourth Floor,,https://cdn.realtycanvas.in/projects/floor-plans/1755779806648-2jxey743iqr.webp,,6
3cd9422d-b434-4f7a-9cfb-9493911306c4,5ff0bc90-310e-4041-b86c-812b13c5bdad,4 BHK,PentHouse Wing Unit,https://cdn.realtycanvas.in/projects/floor-plans/1756888109578-rdlw900mwn.webp,,6
3cedffd3-1774-4574-bbbb-b0c56b0ffc97,b49dd03f-64af-4566-a403-d1e99e39ab97,4 BHK,4bhk-wing-unit-4285-layout-2,https://cdn.realtycanvas.in/projects/floor-plans/1774356530541_4bhk-wing-unit-4285-layout-2.jpg,,0
3d95449d-e5a9-4039-a257-5c23974c9a8e,60fb584b-a3b6-4ade-9adb-8eb02508682d,3 Bhk Large Type 4 and 5,,https://cdn.realtycanvas.in/projects/floor-plans/serenity-3bhk-4.webp,,8
3da04155-ed11-4d81-9546-29fac042aeee,b49dd03f-64af-4566-a403-d1e99e39ab97,4 BHK,4bhk-wing-unit-4285-layout-2-tower-3,https://cdn.realtycanvas.in/projects/floor-plans/1774356532466_4bhk-wing-unit-4285-layout-2-tower-3.jpg,,0
3e762caf-9f1d-4008-9189-44d3a99818de,986e025d-5bf1-4c5d-90b9-2c5bda59d34a,Third Floor,,https://cdn.realtycanvas.in/projects/floor-plans/1755779787677-1llb22f6yv2j.webp,,5
41f026c3-1371-4584-9bae-353477db3ab1,8853edc1-08b4-4512-b7d8-5e10800896fe,Apartment,Site Layout 1,https://cdn.realtycanvas.in/projects/floor-plans/1758101172988-v0b2d0qd71.webp,,1
42377cd0-3992-4163-97b0-e5cbb3cb32c2,9f1e5e3d-18bb-450b-bd00-8c0406ff8d2c,3BHK A service personnel,,https://cdn.realtycanvas.in/projects/floor-plans/3BHKA%20Service%20personnel.jpg,,0
42b89b35-6720-44cc-8dc9-45921a9529e3,d6239c57-d7ed-4da1-84cc-3330b1ea324c,First Floor,First Floor,https://cdn.realtycanvas.in/projects/floor-plans/1758787140240-8fpl3qp24vc.webp,,1
42bd4556-7f5e-47c0-9414-f264c08cd663,25c84bea-37cc-4a00-a8eb-a504f8a191f4,Third Floor,,https://m3mgurugram.co.in/wp-content/uploads/2024/12/floorplan-zoom-5.webp,,5
43f34ff5-0aad-4530-a189-a39df8ca9dab,6b799d00-5a0b-4a72-be56-4bd7c78352b0,3 BHK,2945 Sq.ft,https://cdn.realtycanvas.in/projects/floor-plans/1756100262682-xctkx40cf5.webp,,2
44090efe-2f46-4518-a80b-c5b9e805c346,d9401432-af8d-41fc-8230-594a70cc2a98,First Floor,,https://m3mgurugram.co.in/wp-content/uploads/2024/12/FIRST.webp,,3
45325929-61c3-455b-965c-070ed163ea09,c4348b89-26f3-4e74-9253-4a68bd32df22,Typical Floor,Tower 1,https://cdn.realtycanvas.in/projects/floor-plans/1757570833597-2u93vl5xu7h.webp,,2
45473107-2113-455f-88b9-753a36392bfc,d6239c57-d7ed-4da1-84cc-3330b1ea324c,Lower Ground Floor,Lower Ground Floor,https://cdn.realtycanvas.in/projects/floor-plans/1758787184120-vwk0i024qfm.webp,,3
45801ff1-0138-40f5-b569-703cc788ab6d,06e0aa61-ef5c-4892-beec-a5a1df6ec52c,3 BHK,Type E / Type F,https://cdn.realtycanvas.in/projects/floor-plans/1757569637616-egkqwh12zj8.webp,,6
46ff2933-d12b-4bbd-b086-82dd4f360cb2,21f65c22-0ac4-4e2e-92df-029afe926330,3 BHK,3BHK,https://cdn.realtycanvas.in/projects/floor-plans/1757505921174-lc9avlfuugk.webp,,2
4720d855-c6f6-4d1c-9828-acc98e954f70,60fb584b-a3b6-4ade-9adb-8eb02508682d,Tower E and F,,https://cdn.realtycanvas.in/projects/floor-plans/serenity-Tower%20E%20and%20F.webp,,3
475c443d-1a81-4b49-b7fb-7a0bf78160bf,06e0aa61-ef5c-4892-beec-a5a1df6ec52c,4 BHK,Type A / Type B,https://cdn.realtycanvas.in/projects/floor-plans/1757569746621-166ilca8v64.webp,,7
47884437-0c4a-4497-8552-07db44c46211,5ff0bc90-310e-4041-b86c-812b13c5bdad,5 BHK,PentHouse Head Unit,https://cdn.realtycanvas.in/projects/floor-plans/1756888324907-53a75nkfsdy.webp,,12
479ee00d-dec8-4dd2-b303-86a3caa52f84,ead71e2f-5982-4c58-b243-5e9cd88d9fe9,4 BHK,Penthouse Wing Unit,https://cdn.realtycanvas.in/projects/floor-plans/1756797119673-2v2wlysxzjc.webp,,9
488061d3-2ae0-4920-9383-20fc9f8725ed,b49dd03f-64af-4566-a403-d1e99e39ab97,4 BHK,4bhk-penthouse-7270-tower-2,https://cdn.realtycanvas.in/projects/floor-plans/1774356527927_4bhk-penthouse-7270-tower-2.jpg,,0
48c60e69-cb8a-44d1-815e-28ce65ce1d91,7dd8456b-dfd9-4960-bf55-5f165feaf48e,Main Site,,https://cdn.realtycanvas.in/projects/floor-plans/site-plan.webp,,1
49618804-de09-44ed-a734-a155aae8f313,e59debce-1f67-4a5f-ab7e-613fe1441982,2 BHK,2BHK,https://cdn.realtycanvas.in/projects/floor-plans/1757337889033-53cxn6e5c9i.webp,,1
4a5aa2b8-512a-474e-9ee0-1685d3a67610,6a3994f8-8b87-441d-8d43-732f7162ac90,4 BHK,4.5 BHK,https://cdn.realtycanvas.in/projects/floor-plans/1757260441771-xnhq76sxv1.webp,,5
4acaa4de-9598-4f93-b3ba-344aa72e4721,20e1a7ff-2d5a-4bb7-b658-2b0c95a02d42,3 BHK,2611 sq.ft,https://cdn.realtycanvas.in/projects/floor-plans/1757422120212-tejlut80t7r.png,,1
4b8e5117-97af-4c3b-ad0c-f66bb214e0ed,06e0aa61-ef5c-4892-beec-a5a1df6ec52c,4 BHK,Type E,https://cdn.realtycanvas.in/projects/floor-plans/1757569791449-yf7pzyuzqm.webp,,9
4d31c4db-697e-4b97-9d70-81b117b53add,8b6a09f7-9696-4811-ad43-bad1dea5f324,4 BHK,4BHK,https://cdn.realtycanvas.in/projects/floor-plans/1759232426634-vrv4clzxbvd.webp,,2
4d6cf2ea-9874-4405-b632-ec803db7a2f1,4c17e492-2ed5-478e-82e3-2756706a85f9,Ground Floor,,https://cdn.realtycanvas.in/projects/floor-plans/1756508011404-s9dwy272vai.png,,2
4d8371c4-d7fd-4a05-805f-60ae0437776a,c4348b89-26f3-4e74-9253-4a68bd32df22,4 BHK,3 BHK and 4 BHK Layout,https://cdn.realtycanvas.in/projects/floor-plans/1757571255857-ctqpr7gp127.webp,,7
4e26d479-005b-4c85-b737-22cbd674333d,5ff0bc90-310e-4041-b86c-812b13c5bdad,5 BHK,Wing Unit,https://cdn.realtycanvas.in/projects/floor-plans/1756888257454-w3a9klo53l.webp,,10
4ff2dc20-01ce-446e-987a-8fdf33b6d055,c05bb44a-4d96-4c65-9703-923dd67a4b91,3 BHK,3 BHK SMALL,https://cdn.realtycanvas.in/projects/floor-plans/1757182019663-3ojiwqpf51d.jpeg,,1
500a5584-dd6b-402a-bc10-34391031c622,06e0aa61-ef5c-4892-beec-a5a1df6ec52c,4 BHK,Type C / Type D,https://cdn.realtycanvas.in/projects/floor-plans/1757569772963-z3r7dvt6tsa.webp,,8
50965572-01c7-4fb6-9c13-dda7e45d2dbe,4c17e492-2ed5-478e-82e3-2756706a85f9,Mezzanine Floor,,https://cdn.realtycanvas.in/projects/floor-plans/1756507858568-ybvpvkspfu.png,,3
51416bdc-0cf9-40e6-a404-c09433b0cf27,ead71e2f-5982-4c58-b243-5e9cd88d9fe9,5 BHK,Penthouse Wing Unit,https://cdn.realtycanvas.in/projects/floor-plans/1756797553884-2uvmolleai5.webp,,15
5264ad71-fe23-4882-a1ef-2845cf59af31,25c84bea-37cc-4a00-a8eb-a504f8a191f4,First Floor,,https://m3mgurugram.co.in/wp-content/uploads/2024/12/floorplan-zoom-3.webp,,3
52cc5c31-a754-4506-8125-bc2f9f8dcc19,21f65c22-0ac4-4e2e-92df-029afe926330,3 BHK,3BHK,https://cdn.realtycanvas.in/projects/floor-plans/1757505934364-i87gqxb3xn.webp,,3
52df8869-b399-4c05-aac3-2d51c1479545,bfdbaac8-419e-473e-ae73-6edd80f14387,Main Site,Site Plan 2,https://cdn.realtycanvas.in/projects/floor-plans/1759237168834-348louwz8g4.webp,,3
54ed76cb-b776-4a61-b24e-cc9ece0f5f1a,37aab4b2-99cd-4d22-9d89-a29e1c2868c4,4 BHK,4BHK,https://cdn.realtycanvas.in/projects/floor-plans/1757661720799-g1uh45dwi7e.webp,,2
55356faa-eb03-4240-b9e0-87b24e1291e4,b49dd03f-64af-4566-a403-d1e99e39ab97,4 BHK,4bhk-penthouse-7270-tower-3,https://cdn.realtycanvas.in/projects/floor-plans/1774356529001_4bhk-penthouse-7270-tower-3.jpg,,0
571850e6-6d7f-40bd-9518-ef1e5446e2f2,ead71e2f-5982-4c58-b243-5e9cd88d9fe9,3 BHK,Head Unit,https://cdn.realtycanvas.in/projects/floor-plans/1756796194641-w86o7567e8q.webp,,1
5823148f-cdd5-45b5-b666-117bc21d2707,0442a99c-6f74-4f69-b564-e0ed491e52ac,Plan,TypicalUnit2And3,https://cdn.realtycanvas.in/projects/floor-plans/1774356541643_TypicalUnit2And3.jpg,,0
591b4d5f-6a34-486a-85d2-7f4627373a9b,a9fb2cee-4190-4f2f-9940-8be2199e38e3,Main Site,3965 Sq.ft,https://cdn.realtycanvas.in/projects/floor-plans/layout-1.webp,,2
5abe0c2d-2928-4fe9-9d8c-4f8fdb539dd1,0442a99c-6f74-4f69-b564-e0ed491e52ac,Plan,SitePlanGroundLevel,https://cdn.realtycanvas.in/projects/floor-plans/1774356539410_SitePlanGroundLevel.jpg,,0
5c0f4517-f5c5-4098-950f-44ed9e8dccea,06e0aa61-ef5c-4892-beec-a5a1df6ec52c,2 BHK,,https://cdn.realtycanvas.in/projects/floor-plans/1757569562079-21pjiumbwlf.webp,,3
5ce16334-d930-4ce0-acae-1aff16c5e31e,a44c5240-3c6f-4c6a-96ee-8ac62af3511e,3 BHK,,https://cdn.realtycanvas.in/projects/floor-plans/1756378998378-dwpyvhen2s8.webp,,1
5d687e66-d23b-4f63-8dfa-e02246f06d56,3fed7102-bc0c-4fe5-a6b4-b30868757223,Main Site,Main Site,https://cdn.realtycanvas.in/projects/floor-plans/1759130818341-rzd07fccawf.webp,,1
5d697580-5004-4e28-86d6-8c75893223c5,d9401432-af8d-41fc-8230-594a70cc2a98,Second Floor,,https://m3mgurugram.co.in/wp-content/uploads/2024/12/SECOND.webp,,4
5d6af8fc-5ec4-4186-917f-d7420619440a,6a3994f8-8b87-441d-8d43-732f7162ac90,4 BHK,4 BHK - Penthouse,https://cdn.realtycanvas.in/projects/floor-plans/1757260873456-o66sdojmrep.webp,,15
5dc2b315-be63-4a56-951f-1c7782fa0b5a,049251cb-0089-4e71-8624-88c23074f082,4 BHK,4BHK,https://cdn.realtycanvas.in/projects/floor-plans/1758106901051-qsbr4c5ih2.webp,,4
5e124a9c-3d8c-49fd-ae30-a71dd882f430,491d8e64-e144-40cd-bf4b-0273fc49acf7,4 BHK,4BHK + Lounge + Study,https://cdn.realtycanvas.in/projects/floor-plans/1756190464808-gq97bsubm6i.webp,,3
5e2f4f4c-071d-4f17-99c8-512d87d1c4ed,3fed7102-bc0c-4fe5-a6b4-b30868757223,3 BHK,3BHK,https://cdn.realtycanvas.in/projects/floor-plans/1759130694744-njurh16n5cb.webp,,6
5f7a5309-1b38-4c9f-9a67-87cb1121c315,8e7d9d67-660b-4099-b583-f39f14bf9a26,4bhk,4bhk,https://cdn.realtycanvas.in/projects/floor-plans/4bhk.webp,,4
5fbc6692-0189-4c0c-9484-6a30c95bbb60,165ef67e-ef7b-4dde-9a9b-817a92875500,Ground Floor,Ground Floor,https://cdn.realtycanvas.in/projects/floor-plans/1758285331734-w9iiuw02xj.webp,,2
61913a36-8899-4adf-baef-9757659ec931,6a3994f8-8b87-441d-8d43-732f7162ac90,Site Map,,https://cdn.realtycanvas.in/projects/floor-plans/1757186670679-fcvqd09g03s.jpg,,1
61c14e13-63ed-45de-8563-6da5b17c9a18,6b1c33af-b1a9-49a4-a9ca-6fa3545214f2,4bhk-type-2e,4bhk-type-2e,https://cdn.realtycanvas.in/projects/floor-plans/4bhk-type-2e.webp,,9
625ffde5-7c8b-407a-893f-ec0d9580c1f6,254b6fe9-2325-4bb5-a35d-b214cb88764d,Typical Floor,,https://cdn.realtycanvas.in/projects/floor-plans/1757513246702-33a10qu6ydb.png,,2
633a803f-665e-4e7e-8e97-13ecbd08b686,9301a8cc-a2ab-4828-98a8-455229bd4beb,Sixth Floor,Sixth Floor,https://cdn.realtycanvas.in/projects/floor-plans/1758626184792-colm5gpicx.webp,,4
6589dd3e-a811-44e4-b066-d6cc458a6564,3fed7102-bc0c-4fe5-a6b4-b30868757223,4 BHK,4BHK,https://cdn.realtycanvas.in/projects/floor-plans/1759130766300-t0le9q6vso.webp,,10
663f6464-b14b-42cc-b839-f8c5730d7c90,c05bb44a-4d96-4c65-9703-923dd67a4b91,3 BHK,3 BHK LARGE,https://cdn.realtycanvas.in/projects/floor-plans/1757181999297-5ew26bqfdv4.jpeg,,2
66940bd3-4860-4ef6-94a2-cad8b0fb03fb,ead71e2f-5982-4c58-b243-5e9cd88d9fe9,4 BHK,Penthouse Wing unit,https://cdn.realtycanvas.in/projects/floor-plans/1756797160750-lvbyrlff0g.webp,,10
66dcd90c-0fbd-4b4d-8a70-20d855740ccb,bd535d19-6a06-45cc-a692-3d56849d8e89,4 BHK,"4 BHK L ",https://cdn.realtycanvas.in/projects/floor-plans/1756798962440-5sgbp1lcjdt.webp,,4
6756c94d-3fdc-47d1-a1eb-73f1d99ecf4e,6a3994f8-8b87-441d-8d43-732f7162ac90,4 BHK,4.5 BHK,https://cdn.realtycanvas.in/projects/floor-plans/1757260522381-gw07rduxk3l.webp,,7
690215d1-5081-4c12-85bf-6f17dc35e397,049251cb-0089-4e71-8624-88c23074f082,3 BHK,3BHK,https://cdn.realtycanvas.in/projects/floor-plans/1758106889982-fpo4xccxma5.webp,,3
69c2981f-81d9-47f8-8ba3-41a54a595115,d2afb735-8465-414a-924f-a7226ea3319a,Main Site,Main Site,https://cdn.realtycanvas.in/projects/floor-plans/1758799569799-or2hwce4g88.webp,,1
6b625607-fc33-46ee-a349-eb4d37a840b2,6a3994f8-8b87-441d-8d43-732f7162ac90,4 BHK,4.5 BHK,https://cdn.realtycanvas.in/projects/floor-plans/1757260491910-jx8nv1gwji.webp,,6
6d3a8e2f-8684-419d-84a3-36b8926c1608,049251cb-0089-4e71-8624-88c23074f082,4 BHK,4BHK,https://cdn.realtycanvas.in/projects/floor-plans/1758106950362-bd8yngdy045.webp,,8
6d7ef831-a954-4088-b27e-f7b0625f1b92,8eab2ac6-fbc3-450e-b4a9-16ae669df765,3 BHK,,https://cdn.realtycanvas.in/projects/floor-plans/1756275729186-53p94bwqkrt.webp,,1
6e196d65-aee6-42b0-8c56-f243b350f857,90c0031f-c707-4bed-b8f7-75f690c2b088,Main Site,Main Site,https://cdn.realtycanvas.in/projects/floor-plans/1758887674367-7t0lodw8tkt.webp,,1
6ed2c7da-203c-44a1-bf54-241bbf1a9e4f,06e0aa61-ef5c-4892-beec-a5a1df6ec52c,3 BHK,Type C / Type D,https://cdn.realtycanvas.in/projects/floor-plans/1757569599297-rfqfj12fhfq.webp,,5
6f3269cf-bcce-41eb-bfc2-eb089986c328,2a2c45d5-0f68-459c-a286-0509b7bb6073,2 BHK,2BHK,https://cdn.realtycanvas.in/projects/floor-plans/1757334108702-rlx2rtm0kxh.webp,,2
7053973a-9b6e-4d47-b807-3a229f464fb1,12ae60bb-6415-427c-86ad-adcb52eb5a8f,Site Map,Tower 2,https://cdn.realtycanvas.in/projects/floor-plans/1759305093894-439rshh3776.webp,,3
70663132-a35b-4402-80f8-29e811e278ce,6abc2559-f9b4-4173-97fe-9b5e70f47bb1,4 BHK,4BHK,https://cdn.realtycanvas.in/projects/floor-plans/1759142988497-2tdlon2tu0g.webp,,2
714b57f3-269a-4ff5-843b-dc2b199a2c50,c4348b89-26f3-4e74-9253-4a68bd32df22,Main Site,,https://cdn.realtycanvas.in/projects/floor-plans/1757570815889-mt8eqsx40vf.webp,,1
72134e25-9b89-4fae-a962-311ed1b9454b,f9b16292-de07-471d-9d9c-d9f92bd44692,3 BHK,3.5BHK,https://cdn.realtycanvas.in/projects/floor-plans/1756299436110-wdaw1q6u7xb.jpg,,2
7369688b-f518-47ca-bea5-a053e64871ff,60fb584b-a3b6-4ade-9adb-8eb02508682d,Tower G,,https://cdn.realtycanvas.in/projects/floor-plans/serenity-tower%20g.webp,,4
73ffc6f5-4fd0-4bdf-9d31-22f29b0d9e93,165ef67e-ef7b-4dde-9a9b-817a92875500,Lower Ground Floor,Lower Ground Floor,https://cdn.realtycanvas.in/projects/floor-plans/1758285296496-5lqib41xyzl.webp,,1
74223000-acb1-4077-875b-139a8288759e,f9b16292-de07-471d-9d9c-d9f92bd44692,4 BHK,4.5BHK,https://cdn.realtycanvas.in/projects/floor-plans/1756299449771-3g8fmzrnem9.jpg,,4
74272cf2-b12c-40e8-8331-d321466e681a,ead71e2f-5982-4c58-b243-5e9cd88d9fe9,5 BHK,Wing Unit,https://cdn.realtycanvas.in/projects/floor-plans/1756797434619-rd0x87qgjh.webp,,12
74693935-79cc-419f-b139-07bfc826cce3,60fb584b-a3b6-4ade-9adb-8eb02508682d,Tower A and B,,https://cdn.realtycanvas.in/projects/floor-plans/serenity-towerA%20and%20b.webp,,1
74cb9655-223b-4b4d-a5ee-3ea12b40bf99,d2afb735-8465-414a-924f-a7226ea3319a,4 BHK,,https://cdn.realtycanvas.in/projects/floor-plans/1756503984381-92p4nmfczzi.webp,,3
75fc28b8-dc14-4b10-9217-1343b02c7151,049251cb-0089-4e71-8624-88c23074f082,3 BHK,3BHK,https://cdn.realtycanvas.in/projects/floor-plans/1758106880257-hto1omsftx.webp,,2
760223f3-83b5-4214-a3ea-a59105c4d2e9,a3af1f05-e6bb-4a25-a7be-1f9115867304,Fourth Floor,,https://cdn.realtycanvas.in/projects/floor-plans/1755777487176-mr7tuv7r5e.png,,6
76be2798-9374-4afe-918b-99b06f334af0,8853edc1-08b4-4512-b7d8-5e10800896fe,3 BHK,3BHK,https://cdn.realtycanvas.in/projects/floor-plans/1758097447403-116gkxf6en5k.webp,,3
76ec3b93-4a14-4d5c-b279-78b5a6cb29e7,4c17e492-2ed5-478e-82e3-2756706a85f9,Typical Floor,,https://cdn.realtycanvas.in/projects/floor-plans/1756508000506-h3q0sgbljmw.png,,9
777dc93a-7e8a-4a91-918a-9d04a7ade3b7,90c0031f-c707-4bed-b8f7-75f690c2b088,3 BHK,2900 SQFT,https://cdn.realtycanvas.in/projects/floor-plans/1756659402240-s8bel5f74jo.webp,,2
7897ac28-31a8-40d4-a5ad-528b7801993d,7a117c0f-16eb-4536-a0a6-028271a06f3b,3 BHK,,https://cdn.realtycanvas.in/projects/floor-plans/1756799713213-3hfgps8vhbr.webp,,1
7a58e2f6-70fd-4309-a5e9-486db418cf23,986e025d-5bf1-4c5d-90b9-2c5bda59d34a,Lower Ground Floor,,https://cdn.realtycanvas.in/projects/floor-plans/1755779714671-oc9lcqdelhh.webp,,2
7b2c5eb7-82a0-43ac-bc64-ea5eae016614,d9401432-af8d-41fc-8230-594a70cc2a98,Lower Ground Floor,,https://m3mgurugram.co.in/wp-content/uploads/2024/12/LGF.webp,,2
7bf130ce-9333-4daa-96c5-10a277e33bab,5ff0bc90-310e-4041-b86c-812b13c5bdad,4 BHK,PentHouse Wing Unit,https://cdn.realtycanvas.in/projects/floor-plans/1756888140022-h51tqsycfcm.webp,,7
7cf7094c-c687-4afd-aab7-0a66a1e131b2,049251cb-0089-4e71-8624-88c23074f082,4 BHK,4BHK,https://cdn.realtycanvas.in/projects/floor-plans/1758106911751-9hlctx7aq.webp,,5
7d2bd378-6cf0-4ed8-9b1a-762f894f346b,9f1e5e3d-18bb-450b-bd00-8c0406ff8d2c,3BHKA,,https://cdn.realtycanvas.in/projects/floor-plans/3BHKA.jpg,,0
7d57dab5-1fda-4ea9-93e6-3c85a817621d,986e025d-5bf1-4c5d-90b9-2c5bda59d34a,Second Floor,,https://cdn.realtycanvas.in/projects/floor-plans/1755779747340-odn18irjpke.webp,,4
7e423f4a-75e9-4284-9031-e94f1f376492,6b1c33af-b1a9-49a4-a9ca-6fa3545214f2,Main Site,Main Site,https://cdn.realtycanvas.in/projects/floor-plans/main-site.webp,,1
80e7a414-9f5a-4453-9ac3-cc9ea5d8cbae,982ed68a-ba24-4226-b101-01e7f90de70a,Sitemap,SitePlan,https://cdn.realtycanvas.in/projects/floor-plans/central67-siteplan.webp,,1
82be1e0e-ef82-43ea-9909-8d55b559b00f,37475cb7-21c0-4c64-ba62-5174ca162a47,3 BHK,3BHK + SQ,https://cdn.realtycanvas.in/projects/floor-plans/1759127441945-t5t10wjg32c.webp,,3
82c21dad-d713-4438-8efa-4d07aacffcd3,6a3994f8-8b87-441d-8d43-732f7162ac90,3 BHK,3 BHK - Penthouse,https://cdn.realtycanvas.in/projects/floor-plans/1757260840761-svlpa5f5mf8.webp,,14
84474a00-577b-4f20-8adc-086b4dbcc9fa,ead71e2f-5982-4c58-b243-5e9cd88d9fe9,3 BHK,Wing Unit,https://cdn.realtycanvas.in/projects/floor-plans/1756796336614-nzct0baz7gh.webp,,2
8555f952-b030-4b21-b8da-f7d1786cf37c,a0526302-80d5-40e4-ba4f-0e030521e651,First Floor,,https://cdn.realtycanvas.in/projects/floor-plans/1755693703398-dhvly8lyjiq.png,,1
86f1e55f-af2c-4e47-977e-a56897f3b21f,049251cb-0089-4e71-8624-88c23074f082,4 BHK,4BHK,https://cdn.realtycanvas.in/projects/floor-plans/1758107021401-xtqcjhfuvtj.webp,,10
874e5055-aaff-41ea-98d8-c6cda8a48298,c4348b89-26f3-4e74-9253-4a68bd32df22,4 BHK,,https://cdn.realtycanvas.in/projects/floor-plans/1757571250133-hvaj5jkjq0a.webp,,6
87867afb-41e0-42d2-8d55-ebecb74467d5,c9b9ee68-248e-48fb-ae77-1b082109a89c,Main Site,Retail Plan,https://cdn.realtycanvas.in/projects/floor-plans/1758623890846-rtmazft947.webp,,2
87908c6f-1e1c-4d82-88f2-5af89e0ffb5f,6b1c33af-b1a9-49a4-a9ca-6fa3545214f2,4bhk-type-2a,4bhk-type-2a,https://cdn.realtycanvas.in/projects/floor-plans/4bhk-type-2a.webp,,7
87aaa99b-b562-4506-9d98-ec2bd4b8282b,5ff0bc90-310e-4041-b86c-812b13c5bdad,4 BHK,Head Unit,https://cdn.realtycanvas.in/projects/floor-plans/1756888008031-z2smkmgfbdl.webp,,2
88403611-aef9-42b5-ac22-805ee5cfe84d,a0526302-80d5-40e4-ba4f-0e030521e651,Ground Floor,,https://cdn.realtycanvas.in/projects/floor-plans/1755693691336-c32whxoa3bt.png,,6
891bcafd-7365-404e-b62c-ca9d8c5cae1f,6abc2559-f9b4-4173-97fe-9b5e70f47bb1,Main Site,Main Site,https://cdn.realtycanvas.in/projects/floor-plans/1759142957073-us79i6fjpf.webp,,3
895be664-80a0-4396-b9b2-bc69ba517889,ead71e2f-5982-4c58-b243-5e9cd88d9fe9,4 BHK,Wing Unit,https://cdn.realtycanvas.in/projects/floor-plans/1756797025297-so5vhwg684.webp,,7
8b3e9964-e775-45c5-827a-2e1f7a4240fe,6a3994f8-8b87-441d-8d43-732f7162ac90,3 BHK,3.5 BHK,https://cdn.realtycanvas.in/projects/floor-plans/1757260803793-yw66b20u9hl.webp,,12
8bb6457d-6258-4c8e-888b-bbfb705a51ee,bd535d19-6a06-45cc-a692-3d56849d8e89,3 BHK,3.5 BHK L,https://cdn.realtycanvas.in/projects/floor-plans/1756798528479-w8hofi9i0is.webp,,1
8e547dcd-900a-4da3-b878-91dd22674f4c,92cbf452-4a30-4a42-8b55-61bc7ca8baf8,Plan,Birla Arika - Unit Plans - Tower 7-3,https://cdn.realtycanvas.in/projects/floor-plans/1774356543326_Birla%20Arika%20-%20Unit%20Plans%20-%20Tower%207-3.jpg,,0
8ebfb706-7dff-4813-9f0a-cd2a48cd2fc3,9301a8cc-a2ab-4828-98a8-455229bd4beb,Fourth Floor,Fourth Floor,https://cdn.realtycanvas.in/projects/floor-plans/1758626142065-omo7siayvlk.webp,,2
8ede2644-c78d-4f57-8b60-56eba8fedca0,8e7d9d67-660b-4099-b583-f39f14bf9a26,3 Bhk,3bhk,https://cdn.realtycanvas.in/projects/floor-plans/3bhk.webp,,3
8ff987ab-2b3a-4dff-b5c1-a5b5f90bdd05,a9fb2cee-4190-4f2f-9940-8be2199e38e3,4 BHK,3965 Sq.ft,https://cdn.realtycanvas.in/projects/floor-plans/layout.webp,,3
90549aeb-25bd-496e-b82b-48d0811d701e,d0e6ac5d-365e-4efb-87da-97f37581be3a,4 BHK,4BHK,https://cdn.realtycanvas.in/projects/floor-plans/1759227611417-8gtxqkpzpyw.webp,,2
92f1145b-a452-44d7-9bb6-43d1e3ae58fb,ae24318b-3030-428a-94f6-c9c93e7789f6,Main Site,Tower 2,https://cdn.realtycanvas.in/projects/floor-plans/1759317579490-s2ht3vs8x7.webp,,3
958e71c4-41ed-4b5a-8ca3-e4ae2aecd18a,bfdbaac8-419e-473e-ae73-6edd80f14387,Main Site,Site Plan 4,https://cdn.realtycanvas.in/projects/floor-plans/1759237199254-52ej8t0b9vy.webp,,5
96d3f355-f09a-4ee9-bc2c-b037b788b15b,21f65c22-0ac4-4e2e-92df-029afe926330,4 BHK,4BHK,https://cdn.realtycanvas.in/projects/floor-plans/1757505945539-65dvuqx4cd5.webp,,4
970bda4f-46f8-4d21-a09c-7bed31d49654,92cbf452-4a30-4a42-8b55-61bc7ca8baf8,Plan,Birla Arika - Unit Plans - Tower 7-2,https://cdn.realtycanvas.in/projects/floor-plans/1774356542756_Birla%20Arika%20-%20Unit%20Plans%20-%20Tower%207-2.jpg,,0
970cc5ee-913b-43bd-b8df-5120752f943c,ead71e2f-5982-4c58-b243-5e9cd88d9fe9,3 BHK,Wing Unit,https://cdn.realtycanvas.in/projects/floor-plans/1756796428241-uoa13ao09k.webp,,3
97bfa59f-8ca8-46d9-b72a-0daba027c56b,ead71e2f-5982-4c58-b243-5e9cd88d9fe9,3 BHK,Penthouse Wing unit,https://cdn.realtycanvas.in/projects/floor-plans/1756796447579-xicvr0xikm8.webp,,4
986dc896-70b4-4798-8779-bf6c2a7a5241,21f65c22-0ac4-4e2e-92df-029afe926330,2 BHK,2BHK,https://cdn.realtycanvas.in/projects/floor-plans/1757505908430-u92bnc5bpd.webp,,1
988b07c2-1b54-4f2c-8d5c-7f6a599c8c77,c05bb44a-4d96-4c65-9703-923dd67a4b91,4 BHK,4 BHK SMALL,https://cdn.realtycanvas.in/projects/floor-plans/1757181947990-pacoc4q1m5.jpeg,,3
99398bd3-7492-49eb-a112-5bdbe2518136,c05bb44a-4d96-4c65-9703-923dd67a4b91,4 BHK,4 BHK LARGE,https://cdn.realtycanvas.in/projects/floor-plans/1757181974112-x6eb9hhekhs.jpeg,,4
9939f427-4da8-45ba-80dc-d50d76598e84,bccdee7e-3f5d-4e88-a0c9-070942334caa,4 BHK,4BHK,https://cdn.realtycanvas.in/projects/floor-plans/1758016331589-v1bd4bphtlm.webp,,3
9981e7c3-3756-4c34-9090-44004e178b75,5ff0bc90-310e-4041-b86c-812b13c5bdad,5 BHK,PentHouse Wing Unit,https://cdn.realtycanvas.in/projects/floor-plans/1756888373859-o9zoj7gbvor.webp,,14
998826c1-b30d-48c2-9b04-e476aa87cc3f,bd535d19-6a06-45cc-a692-3d56849d8e89,4 BHK,"4 BHK M ",https://cdn.realtycanvas.in/projects/floor-plans/1756798638263-hzs94qwje9c.webp,,3
998cd1f6-69c8-452c-b524-6a7f0c0eb45e,6a3994f8-8b87-441d-8d43-732f7162ac90,4 BHK,4 BHK - Penthouse,https://cdn.realtycanvas.in/projects/floor-plans/1757260915461-ut03fxgq2r.webp,,17
9a57edd6-f2c3-4fe8-8377-471e002872e8,bfdbaac8-419e-473e-ae73-6edd80f14387,Main Site,Main Site,https://cdn.realtycanvas.in/projects/floor-plans/1759237090072-u8mjfvx4mdc.webp,,1
9ca9c796-b781-41e9-9ca8-48d6291cb762,2a2c45d5-0f68-459c-a286-0509b7bb6073,4 BHK,4BHK,https://cdn.realtycanvas.in/projects/floor-plans/1757334146976-dygblo0gfwn.webp,,5
9dbd6904-878b-4fb1-b4bd-aab64290ab6a,0d428cdd-2dcd-46ea-85ec-98471e318483,3bhk+Utility,,https://cdn.realtycanvas.in/projects/floor-plans/Aditya-birla-pravaah-71-3bhk+utility.webp,,1
9dbfeb3d-6130-4ff3-8159-80ae28e33b65,6a3994f8-8b87-441d-8d43-732f7162ac90,3 BHK,3.5 BHK,https://cdn.realtycanvas.in/projects/floor-plans/1757260296244-0n7d2xcshs8.webp,,2
9eabb805-139e-4454-88c8-22c12b93efa4,4c17e492-2ed5-478e-82e3-2756706a85f9,Third Floor,,https://cdn.realtycanvas.in/projects/floor-plans/1756507921154-zpcsdyd5gz.png,,6
9f6272a4-b2c5-46a0-acb0-58d725e6acbf,ead71e2f-5982-4c58-b243-5e9cd88d9fe9,5 BHK,Wing Unit,https://cdn.realtycanvas.in/projects/floor-plans/1756797459189-4h6aeybnbzh.webp,,13
a04e9d16-d8c9-406d-b46f-59d1973e82d0,049251cb-0089-4e71-8624-88c23074f082,4 BHK,4BHK,https://cdn.realtycanvas.in/projects/floor-plans/1758106980575-i9v7e83sd5.webp,,11
a0f92768-74ec-4652-b505-8e118855fefd,ae24318b-3030-428a-94f6-c9c93e7789f6,Main Site,Tower 1,https://cdn.realtycanvas.in/projects/floor-plans/1759317560882-m852jufah2.webp,,2
a20d591e-9359-48ea-ac1c-3ebfe1993e13,e59debce-1f67-4a5f-ab7e-613fe1441982,2 BHK,2BHK,https://cdn.realtycanvas.in/projects/floor-plans/1757337904402-wcdkp9j34qm.webp,,2
a299fdb9-4c3e-4c30-a669-1e6773600dba,491d8e64-e144-40cd-bf4b-0273fc49acf7,4 BHK,4BHK + Lounge + Study,https://cdn.realtycanvas.in/projects/floor-plans/1756190385399-vxj6orbac5.webp,,1
a34c70b8-1a6b-435a-945c-8ca76f6b4617,6abc2559-f9b4-4173-97fe-9b5e70f47bb1,3 BHK,3BHK,https://cdn.realtycanvas.in/projects/floor-plans/1759142969140-p1ff8e51w2g.webp,,1
a3e8099c-f040-4e9d-b774-7ede66d58568,b49dd03f-64af-4566-a403-d1e99e39ab97,4 BHK,4bhk-penthouse-7250-tower-3,https://cdn.realtycanvas.in/projects/floor-plans/1774356526337_4bhk-penthouse-7250-tower-3.jpg,,0
a475b4ec-173f-45e6-8f7b-ace650dcaf0c,60fb584b-a3b6-4ade-9adb-8eb02508682d,3bhk Type 3 and 4,,https://cdn.realtycanvas.in/projects/floor-plans/serenity-3bhk-3.webp,,7
a4f29839-7dc2-4169-84f4-8c3f07cb70a7,0ef5cdef-6f02-4591-a386-553534d6cce0,Apartment,,https://cdn.realtycanvas.in/projects/floor-plans/1756882957629-j6n6jao234h.png,,2
a601cab7-479c-4a6f-8e9b-9775115a7acc,3fed7102-bc0c-4fe5-a6b4-b30868757223,4 BHK,4BHK,https://cdn.realtycanvas.in/projects/floor-plans/1759130777107-m7wq9q4won.webp,,11
a60303a5-65ab-4f26-aa19-07e2801b6735,165ef67e-ef7b-4dde-9a9b-817a92875500,Second Floor,Second Floor,https://cdn.realtycanvas.in/projects/floor-plans/1758285414530-trdplcnnm9.webp,,4
a69faca2-c8fa-4bc9-8bd6-ed133cd173ce,728db93d-8501-488a-a01b-8917095530a1,Site Map,SiteMap,https://cdn.realtycanvas.in/projects/floor-plans/1757259243702-ta8kv9yazdc.png,,1
ab0d6cf0-359f-41e9-82a3-11708821ee02,06e0aa61-ef5c-4892-beec-a5a1df6ec52c,Site Map,,https://cdn.realtycanvas.in/projects/floor-plans/1757569513444-ie13fhscpw.webp,,1
ac6b994e-54ad-4eb2-99f3-16dae1a34dd2,6b1c33af-b1a9-49a4-a9ca-6fa3545214f2,4bhk-type-2,4bhk-type-2,https://cdn.realtycanvas.in/projects/floor-plans/4bhk-type-2.webp,,6
ac8deff7-65eb-4ba9-9f33-6909f780c9e5,60fb584b-a3b6-4ade-9adb-8eb02508682d,3bhk Type 4 +U,,https://cdn.realtycanvas.in/projects/floor-plans/serenity-3bhk-2.webp,,6
acc88a13-5f03-4884-9828-189bf28822e8,20e1a7ff-2d5a-4bb7-b658-2b0c95a02d42,3 BHK,2844 sq.ft,https://cdn.realtycanvas.in/projects/floor-plans/1757422149616-8mqp1vf9pxp.png,,2
ada9e2bd-d5a4-40aa-814b-9dca1d3dd3a9,12ae60bb-6415-427c-86ad-adcb52eb5a8f,Main Site,Main Site,https://cdn.realtycanvas.in/projects/floor-plans/1759305022662-lwzml90skvc.webp,,1
af56d631-9672-4e69-9f4a-0a05aac9374a,6b1c33af-b1a9-49a4-a9ca-6fa3545214f2,4bhk-type-1a,4bhk-type-1a,https://cdn.realtycanvas.in/projects/floor-plans/4bhk-type-1a.webp,,6
af911c6a-bce0-42f6-8ac4-3b5963aeabab,2a2c45d5-0f68-459c-a286-0509b7bb6073,3 BHK,3BHK,https://cdn.realtycanvas.in/projects/floor-plans/1757334136720-6qaw9e9dqyi.webp,,4
b0db524f-8af6-4738-929a-5e9d900922e9,bccdee7e-3f5d-4e88-a0c9-070942334caa,4 BHK,4BHK,https://cdn.realtycanvas.in/projects/floor-plans/1758016321341-k6u8oxjz8ud.webp,,2
b153f13a-6e08-4a9c-b9fd-4fdb54bb1163,8e7d9d67-660b-4099-b583-f39f14bf9a26,3 BHK + Utility,3 Bhk + Utility,https://cdn.realtycanvas.in/projects/floor-plans/3bhk+utl.webp,,2
b20361ad-8490-4f1d-8356-e89954054017,ead71e2f-5982-4c58-b243-5e9cd88d9fe9,4 BHK,Head Unit,https://cdn.realtycanvas.in/projects/floor-plans/1756796898522-rkw7xb8lh5c.webp,,6
b2c51da6-9e1b-41bf-9675-ee9c22e88567,9301a8cc-a2ab-4828-98a8-455229bd4beb,Ninth Floor,Ninth Floor,https://cdn.realtycanvas.in/projects/floor-plans/1758626259413-1z4j1kwfosq.webp,,7
b42a4703-6e5c-4b05-9096-f31765eea548,165ef67e-ef7b-4dde-9a9b-817a92875500,First Floor,First Floor,https://cdn.realtycanvas.in/projects/floor-plans/1758285348311-l6b9k608c4.webp,,3
b65c4224-f8c8-4cef-aade-f2ffcb7e0f37,60fb584b-a3b6-4ade-9adb-8eb02508682d,3 Bhk type 1 and 3,,https://cdn.realtycanvas.in/projects/floor-plans/serenity-3bhk-1.webp,,5
b86ba4cd-fca2-4ad5-8d1d-f5f7f730cdd9,8eab2ac6-fbc3-450e-b4a9-16ae669df765,4 BHK,,https://cdn.realtycanvas.in/projects/floor-plans/1756275781484-4ovobzdiig7.webp,,3
b9532d39-3218-46b3-b026-8b8d96a3cfce,8eab2ac6-fbc3-450e-b4a9-16ae669df765,4 BHK,,https://cdn.realtycanvas.in/projects/floor-plans/1756275762241-9tl43b9jmri.webp,,2
b974e101-5e61-41a4-9fbb-d5222e9ce775,ead71e2f-5982-4c58-b243-5e9cd88d9fe9,5 BHK,Head Unit,https://cdn.realtycanvas.in/projects/floor-plans/1756797398492-rxbxj6j0h5r.webp,,11
b979819c-22ac-4372-9688-68cf35361daa,c4348b89-26f3-4e74-9253-4a68bd32df22,4 BHK,,https://cdn.realtycanvas.in/projects/floor-plans/1757571238862-ebbpilu2rq.webp,,4
ba1674c9-2cfc-47a4-9b47-bc3d5d331da4,728db93d-8501-488a-a01b-8917095530a1,3 BHK,3 BHK,https://cdn.realtycanvas.in/projects/floor-plans/1756194187438-7pn9rtf1acj.png,,2
bac74ad5-c20d-45c1-9158-052d70654213,986e025d-5bf1-4c5d-90b9-2c5bda59d34a,Fifth Floor,,https://cdn.realtycanvas.in/projects/floor-plans/1755779934568-p0hs27ovm2.webp,,7
bb216153-aaa3-4844-8ced-123c21b36c01,a3af1f05-e6bb-4a25-a7be-1f9115867304,Second Floor,,https://cdn.realtycanvas.in/projects/floor-plans/1755777311893-w6rwv37vz1.png,,4
bc0d9d50-de07-47da-b8e0-0cec143f5166,5ff0bc90-310e-4041-b86c-812b13c5bdad,4 BHK,Head Unit,https://cdn.realtycanvas.in/projects/floor-plans/1756888087258-bd4r824u6l.webp,,5
bc4b6a52-b74f-4e9c-b67d-d0ca383b3559,728db93d-8501-488a-a01b-8917095530a1,4 BHK,4.5 BHK,https://cdn.realtycanvas.in/projects/floor-plans/1756194227801-yca0g58tzkb.png,,4
bc7da63e-d5b4-4e0c-922d-abe4a241a996,a0526302-80d5-40e4-ba4f-0e030521e651,Basement,,https://cdn.realtycanvas.in/projects/floor-plans/1755693670994-jqkr3rwj6e.png,,5
bc83d238-9711-4890-abba-625f01e30077,8b6a09f7-9696-4811-ad43-bad1dea5f324,Main Site,,https://cdn.realtycanvas.in/projects/floor-plans/1759232358124-p8hxp4tspoa.webp,,1
bc9dda29-b5bb-4439-9d3d-24f566ee0157,bfdbaac8-419e-473e-ae73-6edd80f14387,Main Site,Site Plan 1,https://cdn.realtycanvas.in/projects/floor-plans/1759237111012-vtfcabft6n.webp,,2
bcd65b73-1bd9-45b8-a9a7-64e2f7ec9da8,254b6fe9-2325-4bb5-a35d-b214cb88764d,Main Site,,https://cdn.realtycanvas.in/projects/floor-plans/1757512636167-qqj7twq7i7m.png,,1
bdf6a0e9-1b79-42fd-917b-9267e8e69bf7,06e0aa61-ef5c-4892-beec-a5a1df6ec52c,3 BHK,Type A / Type B,https://cdn.realtycanvas.in/projects/floor-plans/1757569586004-ene0pjqukx4.webp,,4
be3505c4-577d-489c-9402-4b0fc69fee00,37475cb7-21c0-4c64-ba62-5174ca162a47,Main Site,Main Site,https://cdn.realtycanvas.in/projects/floor-plans/1759127404974-r27lbcptz19.webp,,1
be7c0334-18e3-4681-a03a-a46690ae2f4f,b49dd03f-64af-4566-a403-d1e99e39ab97,4 BHK,4bhk-penthouse-7250-tower-2,https://cdn.realtycanvas.in/projects/floor-plans/1774356525590_4bhk-penthouse-7250-tower-2.jpg,,0
bfb239a5-bcd7-4fdb-8105-bfed4190cdda,049251cb-0089-4e71-8624-88c23074f082,4 BHK,4BHK,https://cdn.realtycanvas.in/projects/floor-plans/1758106968505-v0qkfidopd8.webp,,9
c0aa6cc6-4184-43ce-bcfb-52e5a305f494,7c97e410-c9ab-43a3-bd32-65a83a08fd8b,First Floor,First Floor,https://cdn.realtycanvas.in/projects/floor-plans/club-arcade-first.webp,,0
c1b02094-733f-4768-8970-76e16087bb19,f9b16292-de07-471d-9d9c-d9f92bd44692,Typical Floor,,https://cdn.realtycanvas.in/projects/floor-plans/1756661498044-he3zbc778oc.webp,,1
c296586e-a227-4265-8697-4622f1a66ff4,049251cb-0089-4e71-8624-88c23074f082,4 BHK,4BHK,https://cdn.realtycanvas.in/projects/floor-plans/1758106939979-v15xmeuxc4.webp,,7
c6085f6f-c9cf-4173-adc8-d7960662c453,6a3994f8-8b87-441d-8d43-732f7162ac90,4 BHK,4 BHK - Penthouse,https://cdn.realtycanvas.in/projects/floor-plans/1757260821240-ee18b0vq8pl.webp,,13
c64d8fe4-facd-4cd9-9571-5f4c8c5eac9d,049251cb-0089-4e71-8624-88c23074f082,4 BHK,4BHK,https://cdn.realtycanvas.in/projects/floor-plans/1758106924470-pxf69gqpt9.webp,,6
c66ed304-fa3c-4df7-aedc-0c4a8d0d4c33,0ef5cdef-6f02-4591-a386-553534d6cce0,Site Map,,https://cdn.realtycanvas.in/projects/floor-plans/1756882945587-0as0324m0y9u.png,,1
c6b49b90-7760-494a-8049-a32f59364dd2,d9401432-af8d-41fc-8230-594a70cc2a98,Typical Floor,,https://m3mgurugram.co.in/wp-content/uploads/2024/12/SITE-PLAN.webp,,1
c6ee2578-fb2b-4253-a1ae-eb2ea0ab529d,6a3994f8-8b87-441d-8d43-732f7162ac90,3 BHK,3.5 BHK,https://cdn.realtycanvas.in/projects/floor-plans/1757260375025-fj7vvtcqcys.webp,,3
c84cd353-4744-4892-a0df-61c452aecc45,6b1c33af-b1a9-49a4-a9ca-6fa3545214f2,4bhk-type-2d,4bhk-type-2d,https://cdn.realtycanvas.in/projects/floor-plans/4bhk-type-2d.webp,,8
c9cc15da-f48b-4efc-81b8-eee05b2baa10,b49dd03f-64af-4566-a403-d1e99e39ab97,4 BHK,4bhk-wing-unit-4285-layout-2-tower-2,https://cdn.realtycanvas.in/projects/floor-plans/1774356531687_4bhk-wing-unit-4285-layout-2-tower-2.jpg,,0
cb4f235a-1393-479f-842d-ccad17cfae8f,d0e6ac5d-365e-4efb-87da-97f37581be3a,5 BHK,5BHK Penthouse,https://cdn.realtycanvas.in/projects/floor-plans/1759227623161-5h8w1wi8nmv.webp,,3
cbfdbca2-155c-45c0-8a36-8ded92ab0295,6b799d00-5a0b-4a72-be56-4bd7c78352b0,3 BHK,2858 Sq.Ft,https://cdn.realtycanvas.in/projects/floor-plans/1756100227171-96tq7w1py2.webp,,1
cdc22e4b-383a-442b-8cbd-f9acad62f934,c4348b89-26f3-4e74-9253-4a68bd32df22,4 BHK,3 BHK and 4 BHK Layout,https://cdn.realtycanvas.in/projects/floor-plans/1757571244362-7lpur7frqvm.webp,,5
cdc4cc8d-f86c-462b-8500-b9ce7c2d08bc,6b1c33af-b1a9-49a4-a9ca-6fa3545214f2,3BHK-Type-4A,3BHK-Type-4A,https://cdn.realtycanvas.in/projects/floor-plans/3bhk-type-4a.webp,,4
cdd4f6ef-2986-41c8-9af8-6f988be5e20a,049251cb-0089-4e71-8624-88c23074f082,3 BHK,3BHK,https://cdn.realtycanvas.in/projects/floor-plans/1758106864507-a54djlhq42r.webp,,1
ce89c46d-16d4-4b89-85ca-0d4d8d4837aa,0d428cdd-2dcd-46ea-85ec-98471e318483,3BHK,,https://cdn.realtycanvas.in/projects/floor-plans/Aditya-birla-pravaah-71-3bhk.webp,,0
d0e90766-5f80-4b16-8609-dc9d69415a36,3fed7102-bc0c-4fe5-a6b4-b30868757223,4 BHK,4BHK,https://cdn.realtycanvas.in/projects/floor-plans/1759130729446-b4bd8w3hg1.webp,,8
d37b7729-92eb-4307-8be6-48a82cd56ca8,3fed7102-bc0c-4fe5-a6b4-b30868757223,3 BHK,3BHK,https://cdn.realtycanvas.in/projects/floor-plans/1759130671594-nw3oxlwu1a8.webp,,4
d4e4294b-5479-4ba1-b161-22833f9f8ef5,5ff0bc90-310e-4041-b86c-812b13c5bdad,5 BHK,Head Unit,https://cdn.realtycanvas.in/projects/floor-plans/1756888216926-aks5dyat4xi.webp,,8
d5bc24cc-a93b-4517-8a6f-c37eb525a5b5,6a3994f8-8b87-441d-8d43-732f7162ac90,5 BHK,5 BHK - Penthouse,https://cdn.realtycanvas.in/projects/floor-plans/1757260961072-exmftj1t2bj.webp,,19
d7665881-ce21-4543-b392-e9b9f030474e,4c17e492-2ed5-478e-82e3-2756706a85f9,Second Floor,,https://cdn.realtycanvas.in/projects/floor-plans/1756507911799-xocqo9amj1.png,,5
d8108278-014e-4a77-8303-412994ae4cfc,9301a8cc-a2ab-4828-98a8-455229bd4beb,Third Floor,Third Floor,https://cdn.realtycanvas.in/projects/floor-plans/1758626093829-nnqsw2teh0n.webp,,1
da02ad94-053c-4c6c-a553-8b57b2589f2c,6a3994f8-8b87-441d-8d43-732f7162ac90,5 BHK,5 BHK - Penthouse,https://cdn.realtycanvas.in/projects/floor-plans/1757261045875-57cu3o2pxkp.webp,,20
da156915-e3b6-4679-b2cf-0c269081d62a,0442a99c-6f74-4f69-b564-e0ed491e52ac,Plan,ClusterPlan1,https://cdn.realtycanvas.in/projects/floor-plans/1774356535578_ClusterPlan1.jpg,,0
da23a1e3-f0e7-4514-924b-76f133765ca8,6a3994f8-8b87-441d-8d43-732f7162ac90,4 BHK,4 BHK - Penthouse,https://cdn.realtycanvas.in/projects/floor-plans/1757260933247-hvxiwe4ha2.webp,,18
dbe69ec3-0d5d-42f8-a726-6d87c26dd215,c4348b89-26f3-4e74-9253-4a68bd32df22,Typical Floor,Tower 2,https://cdn.realtycanvas.in/projects/floor-plans/1757570905206-kmhl586872p.webp,,3
dcc15075-8d96-4a32-bc79-6b3930e0b9b3,a3af1f05-e6bb-4a25-a7be-1f9115867304,Lower Ground Floor,,https://cdn.realtycanvas.in/projects/floor-plans/1755777258683-2nmc0dvoyz7.png,,1
dce8e089-d455-4834-bac6-62d574e9dd65,8853edc1-08b4-4512-b7d8-5e10800896fe,3 BHK,3BHK,https://cdn.realtycanvas.in/projects/floor-plans/1758097454563-jkr1c152b9i.webp,,4
dd268f80-3782-4929-a490-8f10eabd2557,6a3994f8-8b87-441d-8d43-732f7162ac90,4 BHK,4.5 BHK,https://cdn.realtycanvas.in/projects/floor-plans/1757260614287-9wxg699cljd.webp,,10
dd4e6e77-f83c-4268-b954-432d5b86b1a2,37475cb7-21c0-4c64-ba62-5174ca162a47,3 BHK,3BHK + SQ,https://cdn.realtycanvas.in/projects/floor-plans/1759127472791-jbr08vnbpd8.webp,,4
de0ced77-f8c1-4c57-9b94-0bc42c0b4b2b,a44c5240-3c6f-4c6a-96ee-8ac62af3511e,3 BHK,,https://cdn.realtycanvas.in/projects/floor-plans/1756382561750-cz0x3z9mqr.webp,,2
de4c7eaa-a351-4dc4-b851-68ae8ee2dba7,ae24318b-3030-428a-94f6-c9c93e7789f6,Main Site,Tower 3,https://cdn.realtycanvas.in/projects/floor-plans/1759317594036-kmr7grs11gf.webp,,4
e1075149-01fc-4ea9-8324-8cee281eb854,20e1a7ff-2d5a-4bb7-b658-2b0c95a02d42,4 BHK,3531 sq.ft,https://cdn.realtycanvas.in/projects/floor-plans/1757422183030-kq3lltmjast.png,,4
e3c4eba1-b9ed-4b31-8944-f6d1a9588342,0442a99c-6f74-4f69-b564-e0ed491e52ac,Plan,TypicalUnit1,https://cdn.realtycanvas.in/projects/floor-plans/1774356540615_TypicalUnit1.jpg,,0
e410616f-b149-43d9-9e3c-5783ce934411,ef4d244d-fb32-42d7-a4be-0f515c4ed2c8,4 BHK,,https://cdn.realtycanvas.in/projects/floor-plans/1756885311826-ciuvlsacf3l.webp,,1
e5d002ea-9bea-4846-b40b-9331cd150814,3fed7102-bc0c-4fe5-a6b4-b30868757223,3 BHK,3BHK,https://cdn.realtycanvas.in/projects/floor-plans/1759130661282-xyfxzzrt1y.webp,,3
e6a651f1-b1db-442b-8b9d-dad76416d910,728db93d-8501-488a-a01b-8917095530a1,3 BHK,3.5 BHK,https://cdn.realtycanvas.in/projects/floor-plans/1756194212334-rk9cttxwlta.png,,3
e6c9332d-df53-43c7-b16f-f7c6621f9590,8853edc1-08b4-4512-b7d8-5e10800896fe,Apartment,Site Layout 2,https://cdn.realtycanvas.in/projects/floor-plans/1758101206562-v2pm0cyhe2p.webp,,2
e7399b90-dbd5-4c00-8fa1-2dc6b665e95d,986e025d-5bf1-4c5d-90b9-2c5bda59d34a,Typical Floor,Master Layout,https://cdn.realtycanvas.in/projects/floor-plans/1756660172868-1sql1pllg6f.webp,,1
e79cf7b2-53fd-4d55-a222-751979aab729,a0526302-80d5-40e4-ba4f-0e030521e651,Third Floor,,https://cdn.realtycanvas.in/projects/floor-plans/1755693731408-ctykglgvh5w.png,,3
ea6c6bc2-d8c2-4dc6-b7c4-ec9bb0de5a0f,6a3994f8-8b87-441d-8d43-732f7162ac90,4 BHK,4.5 BHK,https://cdn.realtycanvas.in/projects/floor-plans/1757260549999-33ewmuyw4b7.webp,,8
eab15e9c-b595-4dbe-9a7f-ce0a0d7f77e5,25c84bea-37cc-4a00-a8eb-a504f8a191f4,Ground Floor,,https://m3mgurugram.co.in/wp-content/uploads/2024/12/Ground-Floor.webp,,1
eb008a38-eaf1-420e-8cba-50c93a085995,165ef67e-ef7b-4dde-9a9b-817a92875500,Fourth Floor,Fourth Floor,https://cdn.realtycanvas.in/projects/floor-plans/1758285425685-iogfsjgref9.webp,,6
ec27ba03-6fac-4bcf-9512-02bbe2307b04,2a2c45d5-0f68-459c-a286-0509b7bb6073,4 BHK,4BHK,https://cdn.realtycanvas.in/projects/floor-plans/1757334157046-g72my02g28f.webp,,6
edba3af9-6e3e-444f-81d1-8bed8852a0ca,ead71e2f-5982-4c58-b243-5e9cd88d9fe9,4 BHK,Wing Unit,https://cdn.realtycanvas.in/projects/floor-plans/1756797071871-oul8scqy2ij.webp,,8
ef2c3fda-31eb-42b1-8a13-ce59a6e18ac3,12ae60bb-6415-427c-86ad-adcb52eb5a8f,Site Map,Tower 1,https://cdn.realtycanvas.in/projects/floor-plans/1759305038839-41vttm82yqx.webp,,2
f03def1a-9b79-4dd6-97a1-c1e1851f98f5,6a3994f8-8b87-441d-8d43-732f7162ac90,4 BHK,4.5 BHK,https://cdn.realtycanvas.in/projects/floor-plans/1757260586485-dxvvfhtssi.webp,,9
f12656dd-7959-4aa0-ab0b-16456693a7da,25c84bea-37cc-4a00-a8eb-a504f8a191f4,Second Floor,,https://m3mgurugram.co.in/wp-content/uploads/2024/12/floorplan-zoom-4.webp,,4
f1274b0a-b429-45ea-89d7-871b95622eb6,986e025d-5bf1-4c5d-90b9-2c5bda59d34a,First Floor,,https://cdn.realtycanvas.in/projects/floor-plans/1755779733870-trs4dtaoip.webp,,3
f13a2d30-96e6-4c20-a8ae-0baa30b6d999,e59debce-1f67-4a5f-ab7e-613fe1441982,3 BHK,3BHK,https://cdn.realtycanvas.in/projects/floor-plans/1757337930176-ff431el9mxk.webp,,4
f246e98f-5998-4571-adb5-63a57ebf2f96,25c84bea-37cc-4a00-a8eb-a504f8a191f4,Fourth Floor,,https://m3mgurugram.co.in/wp-content/uploads/2024/12/floorplan-zoom-6.webp,,6
f2b50c90-c6f1-434e-ae89-8971607f3535,b49dd03f-64af-4566-a403-d1e99e39ab97,4 BHK,4bhk-wing-unit-4285,https://cdn.realtycanvas.in/projects/floor-plans/1774356529702_4bhk-wing-unit-4285.jpg,,0
f3a54156-63ad-40a9-93ee-c88fa165da5a,9f1e5e3d-18bb-450b-bd00-8c0406ff8d2c,4BHK,,https://cdn.realtycanvas.in/projects/floor-plans/4BHK.jpg,,0
f3fc4137-ee3d-428e-b902-c5b009d80109,9f1e5e3d-18bb-450b-bd00-8c0406ff8d2c,Tower B,,https://cdn.realtycanvas.in/projects/floor-plans/Tower%20B.jpg,,0
f42cc24f-5af8-49a1-9985-13dc3727a165,6b1c33af-b1a9-49a4-a9ca-6fa3545214f2,3BHK-Type-4,3BHK-Type-4,https://cdn.realtycanvas.in/projects/floor-plans/3bhk-type4.webp,,5
f4739fbe-f589-424b-b96d-ce38666e1570,9f1e5e3d-18bb-450b-bd00-8c0406ff8d2c,3BHK B',,https://cdn.realtycanvas.in/projects/floor-plans/3BHK%20B'.jpg,,0
f6187060-3a80-45ac-b545-913cf907facb,8853edc1-08b4-4512-b7d8-5e10800896fe,4 BHK,4BHK,https://cdn.realtycanvas.in/projects/floor-plans/1758097459790-omgbkxztpa.webp,,5
f685a770-a293-44bc-a028-54b95dc83698,60fb584b-a3b6-4ade-9adb-8eb02508682d,4 Bhk Small Type 1 and 3,,https://cdn.realtycanvas.in/projects/floor-plans/serenity-4bhk.webp,,9
f7948dd0-3f6b-4685-b2d8-e39bdaa5cc67,0442a99c-6f74-4f69-b564-e0ed491e52ac,Plan,Site PlanPodiumLevel,https://cdn.realtycanvas.in/projects/floor-plans/1774356537815_Site%20PlanPodiumLevel.jpg,,0
f9e5ded4-4173-4dcb-b6ba-b4f498933fa5,2a2c45d5-0f68-459c-a286-0509b7bb6073,Site Map,,https://cdn.realtycanvas.in/projects/floor-plans/1757420163280-yuj4jfmds0q.webp,,1
fa6cd754-bc2d-47d5-b018-c1d355bc89a3,3fed7102-bc0c-4fe5-a6b4-b30868757223,4 BHK,4BHK,https://cdn.realtycanvas.in/projects/floor-plans/1759130745643-ad2t98k15lt.webp,,9
fd8ab937-b481-45fc-90d1-d9177a9a4a54,b49dd03f-64af-4566-a403-d1e99e39ab97,4 BHK,4bhk-wing-unit-4285-tower-3,https://cdn.realtycanvas.in/projects/floor-plans/1774356534471_4bhk-wing-unit-4285-tower-3.jpg,,0
ff09ee45-94ab-44ae-922e-e661928d92a2,6b1c33af-b1a9-49a4-a9ca-6fa3545214f2,3 BHK,3BHK,https://cdn.realtycanvas.in/projects/floor-plans/3bhk-3.webp,,2