id,projectId,label,icon,sortOrder
0061d1ce-ca10-4aef-b2e6-606d03932dbc,c9b9ee68-248e-48fb-ae77-1b082109a89c,Multi-Tier Security,🔒,0
00742caf-4c70-4798-95c4-f465bb2bb0ff,4c17e492-2ed5-478e-82e3-2756706a85f9,Double-height showrooms,🏢,0
00d140be-91ef-4c6b-a357-b81f29884141,6abc2559-f9b4-4173-97fe-9b5e70f47bb1,European Architectural Design,🏢,0
01aaf794-cc91-4326-8594-c088e45aae64,5ff0bc90-310e-4041-b86c-812b13c5bdad,"Prime Location on Dwarka Expressway, Sector 106, Gurgaon",📍,0
02040b13-a9f9-4e8f-9b48-10818e442758,d0e6ac5d-365e-4efb-87da-97f37581be3a,Dedicated Play Zones,🛝,0
021ad328-b7ab-47ec-ae7c-e149cbfa174a,b78f7b94-2629-4566-b8a8-a14b578d3434,High-Rise Luxury Towers,🏙️,0
025a4113-0a2b-496a-89aa-14306ed7af83,ae24318b-3030-428a-94f6-c9c93e7789f6,24x7 Concierge & Security,🔒,0
02cf34e0-189e-4efe-a9b9-86e00e048591,491d8e64-e144-40cd-bf4b-0273fc49acf7,Lavish 4 BHK Residences,🏢,0
02f8be8b-b0d3-4011-92de-29edd5f268f1,f9b16292-de07-471d-9d9c-d9f92bd44692,Smart Home Automation,📱,0
03419488-7b1d-4d14-a102-398a16650dbf,25c84bea-37cc-4a00-a8eb-a504f8a191f4,Premium Amenities,⭐,0
037d9bfc-670f-410b-afb9-5850ad1c0cbc,a0526302-80d5-40e4-ba4f-0e030521e651,11 acre site,🌳,0
04b4e0fc-0d58-4a5a-96b4-d887ad9cbd26,37aab4b2-99cd-4d22-9d89-a29e1c2868c4,Premium Connectivity & Location,🛣️,0
05a60d48-4162-4e32-bedf-fcd0d6a089b0,a9fb2cee-4190-4f2f-9940-8be2199e38e3,Fully Fitted Homes,🍽️,0
060b468e-9776-4b0a-9b51-cfdbbbe0618f,12ae60bb-6415-427c-86ad-adcb52eb5a8f,Sky Lounges and Resort-Style Amenities,✨,0
061523cb-eb7a-43a6-97b1-b9c1a69c8585,6abc2559-f9b4-4173-97fe-9b5e70f47bb1,Convenience Shopping,🛒,0
06e39dbd-1ac2-4495-8603-950d81cc8f41,2a2c45d5-0f68-459c-a286-0509b7bb6073,Intelligent Home Automation,🔑,0
084070e7-a23b-4b0e-b7af-ca158280b0c7,5ff0bc90-310e-4041-b86c-812b13c5bdad,Massive Luxury Clubhouse (~1.25–1.5 lakh sq ft),🏢,0
09328e8b-db68-49d9-ad46-f3d8823b8541,d0e6ac5d-365e-4efb-87da-97f37581be3a,High-Speed Elevators,🛗,0
09c556e9-1f55-4586-b190-48494794c3ec,8853edc1-08b4-4512-b7d8-5e10800896fe,Jogging Track,🏛️,0
0a019c08-1b96-4678-9857-acf367856d8f,9f1e5e3d-18bb-450b-bd00-8c0406ff8d2c,Exclusive 3 & 4 BHK Luxury Residences,💎,0
0a144292-1e04-422c-a5dc-e2b1694cdc03,0ef5cdef-6f02-4591-a386-553534d6cce0,EV Charging Points,⚡,0
0a88f480-908c-4955-91a8-d5b7abe6f99c,a3af1f05-e6bb-4a25-a7be-1f9115867304,Designed by Benoy,🏛️,0
0afbbfa1-a803-4f63-b4c1-54267671807a,491d8e64-e144-40cd-bf4b-0273fc49acf7,Exclusive Sky Lounges,🌌,0
0b495898-5a31-49ad-95bb-234bf232043c,8b6a09f7-9696-4811-ad43-bad1dea5f324,State-of-the-art Clubhouse,🏛️,0
0b6c7f22-5f23-4651-a6c2-fdb4ea276ea3,37475cb7-21c0-4c64-ba62-5174ca162a47,"50,000 Sq.Ft. Clubhouse",🏢,0
0b9a8f2b-561a-4e62-b46a-15bfb4426a13,8853edc1-08b4-4512-b7d8-5e10800896fe,Yoga & Meditation Pods,🪐,0
0be502dc-2ee4-4e83-8de9-3f50efa692dc,6a3994f8-8b87-441d-8d43-732f7162ac90,Home Automation Features,🔒,0
0bfebb01-ec93-43f4-90a6-8e369943ee0e,728db93d-8501-488a-a01b-8917095530a1,"Banquet, Amphitheatre, Bowling Alley",🎳,0
0ca6ee54-0118-43e2-a795-904dbc8d273b,c4348b89-26f3-4e74-9253-4a68bd32df22,"32,000 Sq.Ft. Exclusive Clubhouse",🏛️,0
0cd421f0-71f8-4f18-af67-6aac4efa5bb9,6a3994f8-8b87-441d-8d43-732f7162ac90,Temperature-Regulated Pools,🏊‍♂️,0
0ce307f7-1941-4c98-b4c0-3cd7de23213b,21f65c22-0ac4-4e2e-92df-029afe926330,Double-Height Entrance Lobby,🏠,0
0f18eb95-6b62-4d2f-9dff-c575ebf71c4e,2a2c45d5-0f68-459c-a286-0509b7bb6073,Yoga & Spa Retreat,🧘,0
0f90ad0b-e2d7-4a1d-bf6c-825fdd342d65,d2afb735-8465-414a-924f-a7226ea3319a,Ample Parking,🚗,0
101d52fc-2153-4906-b14a-fc12197bb387,ead71e2f-5982-4c58-b243-5e9cd88d9fe9,Triple Height Lobby,🎉,0
1055cef2-627b-4beb-856a-e4fcc7c2acc6,c05bb44a-4d96-4c65-9703-923dd67a4b91,Ample Parking,🚗,0
1094459d-8211-4493-bedf-f7b6dbe0bb3c,8eab2ac6-fbc3-450e-b4a9-16ae669df765,Double-height Living Areas,🏙️,0
11434020-a599-40c6-8c35-0332be655c7b,bd535d19-6a06-45cc-a692-3d56849d8e89,2 Lakh Sq.Ft Mega Clubhouse,🏢,0
12287aba-1e1f-4c03-a120-9febe2aab67a,25c84bea-37cc-4a00-a8eb-a504f8a191f4,High ROI,💹,0
12e477e8-c8cd-465b-bcec-c2f4b6fc69ea,982ed68a-ba24-4226-b101-01e7f90de70a,75 Premium SCO Plots,🏪,0
13acc811-5078-47ff-aec8-1b0d878db89d,049251cb-0089-4e71-8624-88c23074f082,Double-Height Entrance Lobbies,🚪,0
145614d5-9585-46a3-81b4-b808589178a2,c9b9ee68-248e-48fb-ae77-1b082109a89c,Unique Large Floor Plates,🏢,0
15c06ff6-3088-460a-b7c9-b9b1b8b425a0,ead71e2f-5982-4c58-b243-5e9cd88d9fe9,Concierge & Valet Services,🤵,0
1616a492-74a6-4cc2-be4d-091daddc2e9d,986e025d-5bf1-4c5d-90b9-2c5bda59d34a,Excellent connectivity to business hubs,,0
17a88b11-98f2-4589-9544-551648e87802,37475cb7-21c0-4c64-ba62-5174ca162a47,Multi Tier Security,🔐,0
1801f0c9-335b-4404-a3d2-e5ce0f394dcf,ead71e2f-5982-4c58-b243-5e9cd88d9fe9,High-Speed Elevators,🏙️,0
1845c6d1-6106-4989-b272-46390b9e2b2c,b78f7b94-2629-4566-b8a8-a14b578d3434,Smart Home Features,🤖,0
188df347-39ed-49d7-9455-6ccf4b3de114,e59debce-1f67-4a5f-ab7e-613fe1441982,Vertical Gardens & Sky Decks,🌱,0
18c7c9a2-91ef-41bd-954d-89e32c72aab0,bccdee7e-3f5d-4e88-a0c9-070942334caa,3-Tier Security,🛡️,0
190e387d-f686-4da6-a641-549adfb5bf7a,ead71e2f-5982-4c58-b243-5e9cd88d9fe9,Podium Level Clubhouse,🏢,0
19cd81b5-c879-4cf2-a1e4-1feecbfe9d3c,d2afb735-8465-414a-924f-a7226ea3319a,World-Class Architecture,🏗️,0
1a2d702f-8cb8-45de-871c-de2eb5228d8f,ef4d244d-fb32-42d7-a4be-0f515c4ed2c8,IGBC Platinum Certified,🌱,0
1ad1b56a-3b91-47eb-9ce3-3744b92449aa,d2afb735-8465-414a-924f-a7226ea3319a,Expansive Balconies,🌄,0
1c3c606d-a007-4cf7-b226-0cddc00a7971,7a117c0f-16eb-4536-a0a6-028271a06f3b,3 Side Open Layouts,🌄,0
1ce37360-7447-476f-be6a-79a83687a782,728db93d-8501-488a-a01b-8917095530a1,"EV Charging, Multi-Level Parking",⚡,0
203876f9-0c9d-4339-bbca-87336daf4d8d,c9b9ee68-248e-48fb-ae77-1b082109a89c,4 Levels of Basement Parking,🚗,0
20922456-6b17-4cdc-bc15-89fb15dd800e,ef4d244d-fb32-42d7-a4be-0f515c4ed2c8,Professional Gymnasium,🏋️,0
20c790f5-79ea-42f2-9b64-3a0dd9469312,0ef5cdef-6f02-4591-a386-553534d6cce0,4 BHK independent floors,🛏️,0
216a73f1-ec7f-4d77-ad9f-3c073acde5f8,20e1a7ff-2d5a-4bb7-b658-2b0c95a02d42,Car-Free Green Plaza,🌳,0
21b8583a-37dc-4df3-b070-44effa30aa3b,a44c5240-3c6f-4c6a-96ee-8ac62af3511e,Mini Theatre & Gaming Lounge,🎮,0
221b2a46-69aa-49fa-abe2-1aced27effc3,9f1e5e3d-18bb-450b-bd00-8c0406ff8d2c,Panoramic Aravalli Views,⛰️,1
228c0ceb-9da7-4e95-9b8f-230de27b93ad,ef4d244d-fb32-42d7-a4be-0f515c4ed2c8,Recreational & Meditation Areas,🧘,0
22bd79e6-f933-4290-ad99-1f6a9fc33f52,8b6a09f7-9696-4811-ad43-bad1dea5f324,3 to 4 Car Parking,🚘,0
240fe34c-5191-4da2-8ee3-bbf81c2efb15,a9fb2cee-4190-4f2f-9940-8be2199e38e3,NCR's 1st Zone 5 building,🌳,0
254952d7-0a38-4a5a-aded-cb6aaba4c13d,3fed7102-bc0c-4fe5-a6b4-b30868757223,Rooftop Sky Lounge,🌌,0
257d3de9-382f-49a8-8a6d-aa30e5eb6073,0442a99c-6f74-4f69-b564-e0ed491e52ac,High Footfall Catchment Area,📈,3
266e0811-d811-413e-9cf1-46752c8b9781,2a2c45d5-0f68-459c-a286-0509b7bb6073,Panoramic Aravalli Views,🌄,0
26af11ea-2118-4a8b-a499-e35677e3d9aa,c4348b89-26f3-4e74-9253-4a68bd32df22,"Concierge, Valet & Fine Dining",🍽️,0
29d15f77-2944-49c8-ac82-aed95f78b050,d9401432-af8d-41fc-8230-594a70cc2a98,Open-to-sky courtyards,🏙️,0
29f62359-4a30-4bb1-96ed-8e26f58f32d0,a44c5240-3c6f-4c6a-96ee-8ac62af3511e,Smart Home Automation,📱,0
2a433dd5-72c8-4eda-8cb8-eb9addb757ca,a3af1f05-e6bb-4a25-a7be-1f9115867304,Spread over 7.6 acres of land,🌳,0
2a5be606-616a-4df2-a621-941f6946ca47,a9fb2cee-4190-4f2f-9940-8be2199e38e3,12 Lifts per Tower,🛗,0
2b70a723-e631-4a60-8f07-460c356d66f1,7c97e410-c9ab-43a3-bd32-65a83a08fd8b,Dense Residential Catchment,🏙️,0
2b910a75-6a45-4bdd-93e0-8a80490f65ba,20e1a7ff-2d5a-4bb7-b658-2b0c95a02d42,1 Lakh Sq.Ft. Amenities,🏢,0
2bb9b803-e27f-44dc-8cd0-d8ab1b69a447,d2afb735-8465-414a-924f-a7226ea3319a,1.75 Lakh Sq.Ft Amenity Zone,🏋,0
2bfbb185-70ec-4239-af9b-942df9cd3496,0442a99c-6f74-4f69-b564-e0ed491e52ac,Prime Golf Course Ext. Road Location,📍,0
2c041968-7e4b-4aec-bc65-f0e98a07abc4,982ed68a-ba24-4226-b101-01e7f90de70a,Basement + GF + 4 Floors,🏢,0
2c0e23b0-e0d0-46c5-896f-968c61c4bf23,b78f7b94-2629-4566-b8a8-a14b578d3434,Central Lake & Water Bodies,🏞️,0
2c15fde9-de9b-4175-bee2-ff00dce93893,9301a8cc-a2ab-4828-98a8-455229bd4beb,Multiplex & Entertainment Zone,🎥,0
2d399ea6-7445-47e7-8aff-0d70189b432b,f9b16292-de07-471d-9d9c-d9f92bd44692,Observatory Deck with Panoramic Views,🔭,0
2f06acad-d4d2-4ce8-8036-d8383e1b21fc,b78f7b94-2629-4566-b8a8-a14b578d3434,Clubhouse 101+ Amenities,🏛️,0
30c63243-2a7a-45da-b821-c89394fd1b78,d9401432-af8d-41fc-8230-594a70cc2a98,4-Acre Development with Dual-Side Access,🏗️,0
30caa2d5-2dd4-409e-b290-4fbf6970c39f,ae24318b-3030-428a-94f6-c9c93e7789f6,Zen & Yoga Garden,🧘,0
314948d2-75e5-4fca-aa2b-956f6021d42d,ef4d244d-fb32-42d7-a4be-0f515c4ed2c8,3-Sided Open Apartments,🌄,0
328b1eb3-530d-4a88-a1c6-915ccf59d421,06e0aa61-ef5c-4892-beec-a5a1df6ec52c,Air Purifier-Equipped Luxury Homes,🌀,0
336f88a1-0c40-4685-9dd2-df22b54e3bf9,ae24318b-3030-428a-94f6-c9c93e7789f6,World-Class Clubhouse,🏛️,0
365c4346-f698-4f86-b990-3d2d7fc0e594,491d8e64-e144-40cd-bf4b-0273fc49acf7,Spectacular Golf Course Views,⛳,0
375212ec-3183-4e6f-a118-dc9003dd98c6,986e025d-5bf1-4c5d-90b9-2c5bda59d34a,State-of-the-art infrastructure,,0
378131c2-6d91-4975-9886-296459f710c0,165ef67e-ef7b-4dde-9a9b-817a92875500,Multi-Cuisine Restaurants,🍽️,0
37b1ffca-3eec-45f9-8210-50fa5538a328,c9b9ee68-248e-48fb-ae77-1b082109a89c,Triple-Height Entrance Lobby,🏛️,0
38a91415-7875-4cd8-bbda-a8f76887ba71,12ae60bb-6415-427c-86ad-adcb52eb5a8f,70% Open Green Area,🌳,0
396165a5-b7a2-4955-b8ca-f8762be85592,7a117c0f-16eb-4536-a0a6-028271a06f3b,VRV Air Conditioning,🌬️,0
39d70bd5-cacd-4d2c-9dfa-bffb5629858d,a3af1f05-e6bb-4a25-a7be-1f9115867304,New Gurgaon's 1st Mall with Five Star Hotel,🏨,0
39e153e2-0f04-42d2-8a57-bc9e63edcefb,049251cb-0089-4e71-8624-88c23074f082,Private Garden in Every Residence,🌱,0
3a6aedde-61db-4cb3-ae9e-809e72d83e32,d0e6ac5d-365e-4efb-87da-97f37581be3a,Vehicle-Free Central Greens,🌿,0
3ad33db0-a403-4696-b2a9-a1c811120b8d,0442a99c-6f74-4f69-b564-e0ed491e52ac,Open-air Boulevards & Piazzas,🚶‍♂️,2
3b0887d8-d148-4cd1-8fef-57784e7effbe,8eab2ac6-fbc3-450e-b4a9-16ae669df765,Indoor Heated Plunge Pool,🏊,0
3bf17000-3603-4dba-abb0-956ae3237ad6,d2afb735-8465-414a-924f-a7226ea3319a,IGBC Platinum Pre-Certified,🏆,0
3c4f2e19-ce2e-4dce-b349-61d27094a533,c9b9ee68-248e-48fb-ae77-1b082109a89c,IGBC Platinum Green Building,♻️,0
3c5be3b8-c0f3-4bd3-bd3b-5f371ba45252,ef4d244d-fb32-42d7-a4be-0f515c4ed2c8,5-Tier Security & Smart Access,🔒,0
3c839a45-91e8-4679-bdb7-26693ab666f0,c05bb44a-4d96-4c65-9703-923dd67a4b91,Prime Location,📍,0
3c94cc95-f615-4437-b8ea-606931297d7c,254b6fe9-2325-4bb5-a35d-b214cb88764d,Multi-tier Security,🔒,0
3dadd46c-a74d-4327-8320-c9390817ac43,3fed7102-bc0c-4fe5-a6b4-b30868757223,Smart Home Automation,🎛️,0
3df4a620-d7dd-4570-87f6-3a173ebe454e,3fed7102-bc0c-4fe5-a6b4-b30868757223,High-Speed Elevators,🏙️,0
3e4af8c8-e376-496c-941c-4a06e4ebf878,8b6a09f7-9696-4811-ad43-bad1dea5f324,VRV/VRF Air Conditioning,🌬️,0
3f06dd8b-7839-452f-a460-6cee33183bd2,12ae60bb-6415-427c-86ad-adcb52eb5a8f,"40,000 Sq.Ft. Clubhouse",🏢,0
4013b464-92b0-44f9-ace5-9e2279ce3229,ead71e2f-5982-4c58-b243-5e9cd88d9fe9,Floating Sauna & Scenic Pool,🏊,0
40a991a4-71f4-4be1-8796-fdc887a55f7a,37475cb7-21c0-4c64-ba62-5174ca162a47,Wellness & Yoga Zones,🧘,0
42e545a8-60ba-462b-94fd-c4e5c5456c3a,165ef67e-ef7b-4dde-9a9b-817a92875500,Multiplex by PVR,🎥,0
4455d264-020b-4cde-be7a-e5e111204792,a44c5240-3c6f-4c6a-96ee-8ac62af3511e,Signature Concierge Services,🤵,0
447f851d-de9f-423c-b5e9-f86ab246ff25,8e7d9d67-660b-4099-b583-f39f14bf9a26,Wellness & Co-Working Zones,🧘,0
448fd3ce-0376-4aec-a5ef-6cf99068645e,a9fb2cee-4190-4f2f-9940-8be2199e38e3,Flexible Payment Plans,💳,0
449e6f09-2f8b-419b-b061-9a9934499858,ae24318b-3030-428a-94f6-c9c93e7789f6,Panoramic Aravalli Views,🏞️,0
44e5e8c9-1e6e-434e-943f-36f959b58d50,6a3994f8-8b87-441d-8d43-732f7162ac90,Imported Marble & Wooden Flooring,🪵,0
44fee64b-9538-46cf-9c14-02604ed9b860,049251cb-0089-4e71-8624-88c23074f082,46-Floor Skyline Towers,🏢,0
462f3c8e-294e-44c3-a351-75e26be47751,3fed7102-bc0c-4fe5-a6b4-b30868757223,"75,000+ Sq.Ft. Clubhouse",🏢,0
46ca7f56-b6e6-4d6c-8281-c2ab34a2c34d,9301a8cc-a2ab-4828-98a8-455229bd4beb,Prime Location on Golf Course Ext. Road,📍,0
46ff973f-9eea-407c-977f-62ccf902c972,8e7d9d67-660b-4099-b583-f39f14bf9a26,7 Swimming Pools,🏊,0
479dd47a-56b5-4e32-a53b-5ed7d277a8d9,20e1a7ff-2d5a-4bb7-b658-2b0c95a02d42,Wraparound Balconies & Green Views,🌄,0
484d9c50-fd73-4541-ae89-a2b8f1e143d1,3fed7102-bc0c-4fe5-a6b4-b30868757223,Infinity-Edge Swimming Pool,🏊,0
4869852f-0cfa-43dc-9049-f42682a21c25,6b1c33af-b1a9-49a4-a9ca-6fa3545214f2,Modular Kitchen & Premium Interiors,🍽️,0
49622fd3-d776-4862-a324-2d7b4685f585,d6239c57-d7ed-4da1-84cc-3330b1ea324c,Central plaza for events & gatherings,🏞️,0
49978f06-434d-42d8-abd7-ed020f0ff4f6,bd535d19-6a06-45cc-a692-3d56849d8e89,Panoramic High-Speed Capsule Elevators,🚀,0
4a1b8a37-f09f-4c12-9c8a-c48724a945f0,a44c5240-3c6f-4c6a-96ee-8ac62af3511e,Private Elevators for Residences,🛗,0
4a82a663-7cf6-4b16-b988-4015cba94f1c,bfdbaac8-419e-473e-ae73-6edd80f14387,3-Tier Security,🛡️,0
4af43353-4521-4b6f-974e-96b10078453e,6b1c33af-b1a9-49a4-a9ca-6fa3545214f2,Wrap-Around Balconies,🛋️,0
4bbb0190-aeca-4851-b911-b88661d2fb95,20e1a7ff-2d5a-4bb7-b658-2b0c95a02d42,IGBC Platinum Pre-certified,🏅,0
4c114f4e-9fa0-4ca0-b479-7385d9dd0360,a9fb2cee-4190-4f2f-9940-8be2199e38e3,Two Apartments per Core,🚪,0
4c30c394-5b37-494a-b902-23c17d8160a8,d9401432-af8d-41fc-8230-594a70cc2a98,Glass façade on both sides,🏢,0
4c598bfa-dac8-460e-893b-d8abc998d7b2,60fb584b-a3b6-4ade-9adb-8eb02508682d,Vastu-Compliant Layouts,🧭,0
4ca89024-7430-43ef-a2fa-95746b163abf,bfdbaac8-419e-473e-ae73-6edd80f14387,Zen Garden & Landscaped Greens,🌳,0
4d142de2-8fc1-4aa7-8d92-6e66734fb659,4c17e492-2ed5-478e-82e3-2756706a85f9,5-screen multiplex,🎬,0
4e90e85c-70de-4910-bdfd-ea0ebf58655b,bfdbaac8-419e-473e-ae73-6edd80f14387,Smart Home Automation,📱,0
4f6df6d3-a7ac-452b-a712-12657fbf992b,491d8e64-e144-40cd-bf4b-0273fc49acf7,Infinity Swimming Pool,🏊‍♂️,0
5050ca65-1927-499f-8ff4-e44911e7ba42,37475cb7-21c0-4c64-ba62-5174ca162a47,Premium Connectivity,🛣️,0
50621be6-6534-4ac9-9280-0155e8e38217,a3af1f05-e6bb-4a25-a7be-1f9115867304,40:30:30 Payment Plan / 12% Assured Return,💰,0
51c37a58-2cb6-4348-b04a-67fdf469c80a,60fb584b-a3b6-4ade-9adb-8eb02508682d,Prime New Gurgaon Location,📍,0
51e24d1d-60ff-44e9-b82b-1cb467164f17,6b1c33af-b1a9-49a4-a9ca-6fa3545214f2,"65,000 Sq.Ft. Luxury Clubhouse",🏛️,0
525ecbd3-0bd7-4e35-a349-dcd0e111f63a,d6239c57-d7ed-4da1-84cc-3330b1ea324c,High-street retail boulevard,🏙️,0
52b5d2c5-6764-419b-8b57-accb59f91cbc,e59debce-1f67-4a5f-ab7e-613fe1441982,"Biophilic, Lutyens-Inspired Design",🌿,0
52cc8c35-3893-40ed-87d6-65c47be1022f,8853edc1-08b4-4512-b7d8-5e10800896fe,Private Dining Cabanas,🛋️,0
53515aa6-9a73-40d5-964d-aed2fa3cbb24,5ff0bc90-310e-4041-b86c-812b13c5bdad,VRV Air Conditioning & Smart Home Technology,❄️,0
53a8288a-a150-465b-aa1d-93cc6b0a6d77,6b799d00-5a0b-4a72-be56-4bd7c78352b0,Modern Clubhouse & Spa,🏛️,0
5407c8b0-fd8d-4b8c-bcc1-fe0cb510b416,2a2c45d5-0f68-459c-a286-0509b7bb6073,Olympic-Size Swimming Pool,🏊,0
54f520cd-7316-4e6b-ae7b-836c7799e305,bfdbaac8-419e-473e-ae73-6edd80f14387,"Luxury Clubhouse (60,000+ sq.ft.)",🏛️,0
550d073d-3064-43a8-b63b-22e91006418d,ef4d244d-fb32-42d7-a4be-0f515c4ed2c8,"70,000+ Sq.Ft. Clubhouse",🏛️,0
55dbdf0c-4a7f-4be0-856e-a1f473814428,bccdee7e-3f5d-4e88-a0c9-070942334caa,Panoramic Aravalli Views,🌄,0
579d1ab5-f420-426b-991a-f8d24a1dea63,8e7d9d67-660b-4099-b583-f39f14bf9a26,Multi-Tier Security,🔒,0
588f9dcf-8d2a-4f8e-a75d-c14fbaad20aa,4c17e492-2ed5-478e-82e3-2756706a85f9,Serviced Lofts,🏠,0
59066a5f-184f-420c-8164-c4d95662006a,21f65c22-0ac4-4e2e-92df-029afe926330,Five High-Rise Towers (G+30),🏢,0
5914dddd-6ed9-455b-8be1-cb503af95ec5,6b1c33af-b1a9-49a4-a9ca-6fa3545214f2,Private Lounge & Skydeck,🪐,0
5975c4d8-104e-492a-9d1b-181c685a1031,d9401432-af8d-41fc-8230-594a70cc2a98,Premium residences in the vicinity,🏬,0
5aadd3d1-a799-4ec4-8948-a9b999e84808,a0526302-80d5-40e4-ba4f-0e030521e651,Prime Sector 88 location,📍,0
5b9f96da-859b-451a-853e-366b1a72b219,6abc2559-f9b4-4173-97fe-9b5e70f47bb1,Temperature-controlled Pool,🏊,0
5c29a6bf-535b-4edf-ac72-42c3999d1952,25c84bea-37cc-4a00-a8eb-a504f8a191f4,Prime Location,📍,0
5c48a494-cd4c-4f80-b577-c2772d891347,e59debce-1f67-4a5f-ab7e-613fe1441982,Luxury High-Rise Towers (G+45),🏙️,0
5d7f0698-72f4-433e-b643-ef80e2070fa4,165ef67e-ef7b-4dde-9a9b-817a92875500,Central Air Conditioning,❄️,0
5dca8942-4569-4695-a20c-a33c2fd9fc0d,f9b16292-de07-471d-9d9c-d9f92bd44692,Kids' Water Play & Barbeque Zone,🍖,0
5e726bd7-c19b-42ff-b384-aa97c104a5c4,254b6fe9-2325-4bb5-a35d-b214cb88764d,Wide Party Decks,🌄,0
5eff7624-a34b-4797-8941-978a77acc9eb,90c0031f-c707-4bed-b8f7-75f690c2b088,Sports Facilities,🏸,0
5f946bb7-afb6-43aa-9162-dc4d3c77d65a,bd535d19-6a06-45cc-a692-3d56849d8e89,Observatory Sky Deck at 43rd Floor,🌃,0
5fa4bb0d-de8b-46a7-8a3f-4c7960def755,986e025d-5bf1-4c5d-90b9-2c5bda59d34a,Premium retail shops,,0
60c1f93c-3a5a-4e28-b846-51996b1435b4,b78f7b94-2629-4566-b8a8-a14b578d3434,Multi-Tier Security,🔒,0
61655431-5caa-46d2-8698-086c63761f40,06e0aa61-ef5c-4892-beec-a5a1df6ec52c,Eco-Conscious Development,🌳,0
62080e32-888c-46b3-8fc1-254bd8e4c8f8,12ae60bb-6415-427c-86ad-adcb52eb5a8f,Aravalli-Facing Apartments,🏞️,0
62b9895b-e718-464a-9bc3-6789358bf02c,254b6fe9-2325-4bb5-a35d-b214cb88764d,VRV Air Conditioning,🌬️,0
63a8b60c-030c-4544-a696-3d022fc0e033,8eab2ac6-fbc3-450e-b4a9-16ae669df765,Private Elevators,🛗,0
6422c2d7-8b13-42a4-a5ee-2851bd8e08a1,4c17e492-2ed5-478e-82e3-2756706a85f9,Basement parking,🅿️,0
665c05a0-81d1-4104-b0ee-ce02a7e3c851,06e0aa61-ef5c-4892-beec-a5a1df6ec52c,Smart Home Automation,🏠,0
6753c473-6a5a-4214-8cd4-6badc3ceb16c,d6239c57-d7ed-4da1-84cc-3330b1ea324c,Double-height shop fronts,🏢,0
6779d526-9d43-4667-9f37-dde38dff1212,7a117c0f-16eb-4536-a0a6-028271a06f3b,Wrap-Around Balconies,🏞️,0
6845782b-2c4e-44b1-90e6-d679d68340a1,90c0031f-c707-4bed-b8f7-75f690c2b088,Proximity to Metro & Expressways,🚄,0
690dc780-0f74-4bfe-b4b5-35aab80094f4,a0526302-80d5-40e4-ba4f-0e030521e651,6-screen multiplex,🎬,0
69acfb0c-0c31-46bd-9523-13de4d55ea24,ae24318b-3030-428a-94f6-c9c93e7789f6,Low Density - 208 Units,🏢,0
6a6d61d5-6853-439b-a875-ff63a9e82716,2a2c45d5-0f68-459c-a286-0509b7bb6073,Sports Arena,🏟️,0
6a8e83f2-7b7f-4edd-8bba-a5391e4eab1a,8853edc1-08b4-4512-b7d8-5e10800896fe,Open Air Theatre,🌳,0
6b158ce3-8cfa-4299-b7ae-62e069dab4c4,d6239c57-d7ed-4da1-84cc-3330b1ea324c,Wide pedestrian promenades,🚶,0
6bc260a3-113f-4ef1-9433-556e4b123f17,049251cb-0089-4e71-8624-88c23074f082,Eco-Amenities Zone,🌳,0
6be6ed57-d1a9-4b90-befb-b5fe4fa1bb76,21f65c22-0ac4-4e2e-92df-029afe926330,Five-Tier Smart Security,🛡️,0
6d046aa0-f2ff-4550-8dc4-f73bf39bd6fc,491d8e64-e144-40cd-bf4b-0273fc49acf7,State-of-the-art Gym,🏋️,0
6db02ed4-2664-4b94-b93a-80bfa751e916,d6239c57-d7ed-4da1-84cc-3330b1ea324c,Smart security & surveillance,🛡️,0
6dd02a12-97d4-4c22-9c59-d9e4345cdf58,6abc2559-f9b4-4173-97fe-9b5e70f47bb1,Sprawling Lawns & Landscapes,🌳,0
6e51fccc-d104-47ff-9474-4d66739beecb,a0526302-80d5-40e4-ba4f-0e030521e651,Ground+4 floors,🏙️,0
6f02a75c-5765-4e37-adf2-27450c9c769c,bfdbaac8-419e-473e-ae73-6edd80f14387,Outdoor Gym & Yoga Studio,🏋️,0
6fd50d29-5b00-49be-8ef2-4262cac61075,21f65c22-0ac4-4e2e-92df-029afe926330,EV Charging & Smart Home Features,🔌,0
6fe059d3-901e-49ea-820e-189c6e6e724a,d2afb735-8465-414a-924f-a7226ea3319a,Private Elevators & Lobbies,🛗,0
6fe0d5f7-3f36-43a9-aad9-c4d088d8e77f,bd535d19-6a06-45cc-a692-3d56849d8e89,Smart Automated Homes,🎛,0
7007514b-892c-4c14-9312-e0668c95e67b,6a3994f8-8b87-441d-8d43-732f7162ac90,Double-Height Lobbies,🏛️,0
70e64a09-cc96-42fc-a0b5-d7ad12b98849,049251cb-0089-4e71-8624-88c23074f082,"75,000 Sq.Ft. Clubhouse",🏛️,0
72177d51-a259-44d6-b45f-e50766524124,bccdee7e-3f5d-4e88-a0c9-070942334caa,Smart Home Features,📱,0
72526cd7-bfea-4d3d-861b-46400d5b6ed0,3fed7102-bc0c-4fe5-a6b4-b30868757223,Lush Green Landscape,🌳,0
744bcd75-6386-4515-8fce-7efd54f759a2,25c84bea-37cc-4a00-a8eb-a504f8a191f4,Metro Connectivity,🚇,0
753d8e00-517d-40b8-a238-59f44feb5252,e59debce-1f67-4a5f-ab7e-613fe1441982,2 Lakh Sq.Ft. Clubhouse,🏛️,0
75bc5d25-3c9b-45a6-932a-eaf6b9e705f2,728db93d-8501-488a-a01b-8917095530a1,Infinity Pool on the 47th Floor,🏊,0
76240745-ad7a-4a94-af72-c05e4061e89c,6a3994f8-8b87-441d-8d43-732f7162ac90,Central Water Fountains,💧,0
76512068-cf3b-4fc5-9e27-d404779e0e53,0ef5cdef-6f02-4591-a386-553534d6cce0,Low-rise gated community,🏡,0
76b7b6bb-083b-40cc-a37c-6acd38dece9b,9f1e5e3d-18bb-450b-bd00-8c0406ff8d2c,Zero Vehicular Surface Movement,🚗,3
79536c9f-a152-46f3-b258-4f7e4970112d,bccdee7e-3f5d-4e88-a0c9-070942334caa,Banquet & Event Spaces,🎉,0
79d9a6ab-1f4b-43e0-8203-6d1f5e53bf4a,254b6fe9-2325-4bb5-a35d-b214cb88764d,Home Automation,💡,0
79e9ffd7-fc92-4d86-bac5-a2b912423949,6abc2559-f9b4-4173-97fe-9b5e70f47bb1,Panoramic City Views,🌇,0
7a1b802e-901d-4ff0-96ae-6d056b489321,8b6a09f7-9696-4811-ad43-bad1dea5f324,Large Deck Balconies,🛗,0
7a803198-9495-43e6-83b6-a7c6b178eaf9,21f65c22-0ac4-4e2e-92df-029afe926330,1 Lac+ Sq.Ft. Clubhouse,🏛️,0
7a876bef-0ec2-4a08-9e0d-fdf2cd730b33,37aab4b2-99cd-4d22-9d89-a29e1c2868c4,Exclusive 3 & 4 BHK Layouts,🛏️,0
7b24631e-5fbd-4ef1-a152-20bc88418971,0ef5cdef-6f02-4591-a386-553534d6cce0,Private lift with each unit,🛗,0
7b4d83fc-3c2d-4625-bf83-3a62f1be01cc,25c84bea-37cc-4a00-a8eb-a504f8a191f4,24x7 Security,🔒,0
7e6c1c5f-dc34-4580-bd82-423fd1022945,d9401432-af8d-41fc-8230-594a70cc2a98,Anchor Stores at 3 Levels,🌆,0
7f490819-256b-4500-b3e3-b53110ffe128,7a117c0f-16eb-4536-a0a6-028271a06f3b,Vehicle-free Green Zones,🌳,0
7ffacbdf-7d31-44ed-b5b6-d293badbfee4,728db93d-8501-488a-a01b-8917095530a1,Panoramic Aravalli & City Views,🌄,0
8034384f-4d7b-4004-8e48-b203c61f2899,12ae60bb-6415-427c-86ad-adcb52eb5a8f,Private Lifts to Residences,🛗,0
80e71398-04e6-4411-b4a0-a2f51d9820a0,6b799d00-5a0b-4a72-be56-4bd7c78352b0,Indoor Games Room,🎲,0
8216ccf6-642c-4cff-8696-4cfde9985281,0ef5cdef-6f02-4591-a386-553534d6cce0,Exclusive clubhouse,🏊,0
82c98c9e-dae9-450b-924a-fc78b7f25139,2a2c45d5-0f68-459c-a286-0509b7bb6073,Golf-Themed Residences,⛳,0
83042eb7-54c4-41a9-b158-5a5ca83a94e2,6a3994f8-8b87-441d-8d43-732f7162ac90,European Branded Kitchens,🍽️,0
843996bb-19d3-4715-9bdb-8a14f47e5df3,d9401432-af8d-41fc-8230-594a70cc2a98,Close to Premium Schools and Corporates,🏫,0
859514de-5a5e-44fc-afeb-c8994cf3170c,6b799d00-5a0b-4a72-be56-4bd7c78352b0,Gymnasium,🏋️,0
85fdbf4b-d098-4c91-9cd6-ed894500543f,a9fb2cee-4190-4f2f-9940-8be2199e38e3,Double Height Entrances,🌟,0
86cae6f1-fb84-4464-9171-f925ce86c555,049251cb-0089-4e71-8624-88c23074f082,6-lane Olympic-size Pool,🏊‍♂️,0
870536c0-5200-4d52-b43a-54549e482f3d,a0526302-80d5-40e4-ba4f-0e030521e651,"Retail shops, Food Court, Multiplex",🛒,0
8712d213-605d-4970-ae57-2fb78a6d43d6,254b6fe9-2325-4bb5-a35d-b214cb88764d,3 Parking Bays per Unit,🚘,0
8728af54-56b6-4b20-bf09-8777565f0c0a,ead71e2f-5982-4c58-b243-5e9cd88d9fe9,VRV/VRF Air Conditioning,❄️,0
875faa52-57ac-47fd-ad6a-1403fbd7ac5b,8e7d9d67-660b-4099-b583-f39f14bf9a26,Sky Terraces & Gardens,🏙️,0
87d60f74-39c9-4b4b-808a-c08f85b53250,c4348b89-26f3-4e74-9253-4a68bd32df22,Trump Card World-Class Privileges,🎖️,0
87eaebfa-9873-4723-a9f1-a68dee23aef7,9301a8cc-a2ab-4828-98a8-455229bd4beb,High-Street Retail,🏬,0
88584447-7990-415e-8076-5473ee9d53e6,6a3994f8-8b87-441d-8d43-732f7162ac90,Golf-Themed Landscaping & Vistas,⛳,0
889ddfdb-5603-4c45-982c-f4670b450b59,ead71e2f-5982-4c58-b243-5e9cd88d9fe9,Imported Marble & Premium Interiors,⚜️,0
88ca8893-40bb-421a-97fb-df1a94483524,7c97e410-c9ab-43a3-bd32-65a83a08fd8b,High-Street Retail Destination,🏬,0
88f7d187-2d80-45e7-af69-982a11c1ad6a,b49dd03f-64af-4566-a403-d1e99e39ab97,Elite Concierge Services,🛎️,3
8a0b75b7-c4b1-4a1d-ac7d-8da2ef392778,60fb584b-a3b6-4ade-9adb-8eb02508682d,8 Acres of Greens & Parks,🌳,0
8a3633c1-d91a-4f48-a89c-67c22a5a786d,ef4d244d-fb32-42d7-a4be-0f515c4ed2c8,Panoramic Aravalli Views,🏞️,0
8a62d153-2b82-4f45-8a9c-a0ef00078f11,a44c5240-3c6f-4c6a-96ee-8ac62af3511e,Triple-Height Entrance Lobby,🏢,0
8a71f4c2-03bc-4ce4-904c-85d101f59d1c,8eab2ac6-fbc3-450e-b4a9-16ae669df765,Panoramic City and Aravalli Views,🌄,0
8bc45744-473c-4c74-a8b7-fdf97ee2d125,ef4d244d-fb32-42d7-a4be-0f515c4ed2c8,Private Lift Lobby,🛗,0
8c294253-7922-46c8-9881-5d04eca82502,d9401432-af8d-41fc-8230-594a70cc2a98,High-Street Retail with Open-Air Dining,🛣️,0
8c370d28-34ab-4ac0-89fc-a81229e00d40,7a117c0f-16eb-4536-a0a6-028271a06f3b,Dedicated Kids Play Area,🛝,0
8e8fe6b2-889c-4d37-8c83-99772034ebbd,7a117c0f-16eb-4536-a0a6-028271a06f3b,Ample Parking Facilities,🚘,0
8e9ba898-3dc9-48ce-9add-c2d3ade256ca,c9b9ee68-248e-48fb-ae77-1b082109a89c,Central Air Conditioning,🌬️,0
8ea6db67-5183-48ae-9efa-cb099f581226,60fb584b-a3b6-4ade-9adb-8eb02508682d,55+ Lifestyle Amenities,🎉,0
91f8ad18-77b3-445c-8aec-9e4b8c490559,8eab2ac6-fbc3-450e-b4a9-16ae669df765,Grand Glass Façade Towers,🏢,0
92b791ba-a9ee-4582-b09e-c7dd71468033,6abc2559-f9b4-4173-97fe-9b5e70f47bb1,Underground Sunlit Parking,🚗,0
938e39f3-8703-4c2e-ae07-38eb31b47095,a44c5240-3c6f-4c6a-96ee-8ac62af3511e,Panoramic Views of Diplomatic Enclave & Greens,🌇,0
94119bfd-f2b4-4602-be40-e029fa04f6b9,c4348b89-26f3-4e74-9253-4a68bd32df22,Private Elevators to Each Residence,🛗,0
943bdb43-1098-4e2f-9755-51c972692ad2,254b6fe9-2325-4bb5-a35d-b214cb88764d,Low-Density Living,🏗️,0
95931a31-ac16-44ba-a7ad-13334f72228c,a9fb2cee-4190-4f2f-9940-8be2199e38e3,85% Green and Open Area,🌿,0
9766e04d-ed17-4626-8b28-55a0ed073f2e,ead71e2f-5982-4c58-b243-5e9cd88d9fe9,Smart Home Automation,🎛️,0
977d8c4e-14bc-4259-9b23-529122d930b8,b49dd03f-64af-4566-a403-d1e99e39ab97,Designed by Benoy Architects,🏛️,1
97cefd3f-d79a-4365-9862-43710629f22b,0ef5cdef-6f02-4591-a386-553534d6cce0,24x7 Security & CCTV Surveillance,🎥,0
986baa3e-1835-4268-b283-cca0afe7beee,f9b16292-de07-471d-9d9c-d9f92bd44692,Floating Sauna & Scenic Pool,🏊,0
99cd3929-3e3e-4d7a-b5b5-c9411cd0139f,bccdee7e-3f5d-4e88-a0c9-070942334caa,Babysitting & Kid Zones,🎠,0
99d5bb1d-d1c3-49e7-b430-12c7768b056c,37aab4b2-99cd-4d22-9d89-a29e1c2868c4,"50,000 Sq.Ft. Clubhouse",🏛️,0
9acfc1c4-c734-49f4-8b70-f10a2a055861,9301a8cc-a2ab-4828-98a8-455229bd4beb,Grade A Office Spaces,🏢,0
9ae3e2e8-c809-4399-abb0-bbf23ce675dd,a3af1f05-e6bb-4a25-a7be-1f9115867304,2 Side Open Site,🛣️,0
9afcf565-64ce-4d93-b283-39e88abd82d8,6a3994f8-8b87-441d-8d43-732f7162ac90,Grand Clubhouse,🎉,0
9b08c811-af5d-48f5-a980-2e2544fa76b9,6abc2559-f9b4-4173-97fe-9b5e70f47bb1,Advanced Security,🛡️,0
9b3c1462-edaa-44ea-8b91-5351f640dfd9,bd535d19-6a06-45cc-a692-3d56849d8e89,75% Open Green Spaces,🌳,0
9b66e481-1c95-4b1c-8f1e-1131df656c2c,6b1c33af-b1a9-49a4-a9ca-6fa3545214f2,Temperature-Controlled Rooftop Pool,🏊,0
9bf67659-4b91-4322-9346-976d79c2a3d3,4c17e492-2ed5-478e-82e3-2756706a85f9,Prime connectivity,🌐,0
9c9fb27c-4bb1-421d-a56f-50e1d21eb78c,6b799d00-5a0b-4a72-be56-4bd7c78352b0,High-Security with CCTV,🛡️,0
9cf77665-961b-4766-b7e0-333dfc05a99f,0ef5cdef-6f02-4591-a386-553534d6cce0,Basement & terrace for select floors,🏢,0
9d28d08e-f846-4636-a63d-1908f4894c0f,3fed7102-bc0c-4fe5-a6b4-b30868757223,Imported Marble Flooring,⚜️,0
9d6a3428-8a01-49ba-b7b8-bd9a0b96c5ee,8b6a09f7-9696-4811-ad43-bad1dea5f324,Low-Density Layout,🏞️,0
9d6ff498-c8f6-4699-9564-0b0a8d92a171,92cbf452-4a30-4a42-8b55-61bc7ca8baf8,Private Decks & Terraces,🌅,2
9f88a896-ac9f-42ac-91f3-ce57845d0f85,8eab2ac6-fbc3-450e-b4a9-16ae669df765,Mini Theatre & Business Centre,🎬,0
a00febc2-2649-48e0-8585-34bd0df644ca,ae24318b-3030-428a-94f6-c9c93e7789f6,Private Elevator Lobby,🛗,0
a123ca80-1a78-4246-a764-bb871da9bae6,bfdbaac8-419e-473e-ae73-6edd80f14387,Panoramic City Views,🌇,0
a1950b96-7f45-40cc-ad71-dee502f4f8d3,8b6a09f7-9696-4811-ad43-bad1dea5f324,Luxury Modular Kitchen,🍽️,0
a1efa4b0-bd26-45b7-9c3f-e07f430fc62a,254b6fe9-2325-4bb5-a35d-b214cb88764d,Aravalli View Towers,🏞️,0
a25493f4-0733-439f-881e-826cf9bf5166,25c84bea-37cc-4a00-a8eb-a504f8a191f4,Modern Design,🏢,0
a2a751a2-cbe1-4221-bec9-1084e31b445b,b78f7b94-2629-4566-b8a8-a14b578d3434,Vehicle-Free Trails,🚶,0
a2b5174d-2810-491d-8f17-59657f82d270,491d8e64-e144-40cd-bf4b-0273fc49acf7,Children's Play Zone,🧒,0
a2b76874-5564-447a-a77c-fe1f2b98ea9a,37aab4b2-99cd-4d22-9d89-a29e1c2868c4,Resort-Style Pool & Spa,🏊,0
a32afe39-db12-4576-987f-41d5bd593d1d,4c17e492-2ed5-478e-82e3-2756706a85f9,Basement parking,🅿️,0
a35eb4fa-5e89-48d8-8b30-bbf126991027,d0e6ac5d-365e-4efb-87da-97f37581be3a,VRV Air Conditioning,🌬️,0
a3804a88-0ce7-4f37-8001-32899a145c7e,12ae60bb-6415-427c-86ad-adcb52eb5a8f,Triple-Height Grand Entrance Lobby,🏛️,0
a3bd4ce0-9841-4b43-8b86-2df9d78bc195,c9b9ee68-248e-48fb-ae77-1b082109a89c,Business Lounge,🧑‍💼,0
a3f5bf81-b32e-4d81-8487-63b3dfdd6ff8,2a2c45d5-0f68-459c-a286-0509b7bb6073,5-Tier Security,🔒,0
a505217a-3244-4587-9800-e833bd90e687,bccdee7e-3f5d-4e88-a0c9-070942334caa,"Luxury Clubhouse (70,000 sqft)",🏛️,0
a51de717-4872-4d4a-af95-0099dbe536e3,d6239c57-d7ed-4da1-84cc-3330b1ea324c,Excellent metro & road connectivity,🚇,0
a570c5a9-01d4-4bee-9024-b1437d85aa34,b78f7b94-2629-4566-b8a8-a14b578d3434,EV Charging & Retail,🔋,0
a649767b-46a2-4843-9c3f-014892f620d0,8b6a09f7-9696-4811-ad43-bad1dea5f324,Landscape Greens,🌳,0
a6506f94-7fe1-4872-a8b9-9e0f39904bbd,e59debce-1f67-4a5f-ab7e-613fe1441982,Multi-Tier Security System,🛡️,0
a75d99e8-f347-4b62-a982-b862a04dfd55,d0e6ac5d-365e-4efb-87da-97f37581be3a,Smart Access & Security,🔒,0
a7851b1e-1e29-4aea-a8f5-6da4708dd996,21f65c22-0ac4-4e2e-92df-029afe926330,Green Landscapes & Leisure Trails,🌳,0
a7a2b8b3-6a12-4306-b7e7-5903feffed88,a3af1f05-e6bb-4a25-a7be-1f9115867304,Surrounded with Dense Residential Projects,🏢,0
a8540371-3959-412b-a859-45321a8b52f9,d9401432-af8d-41fc-8230-594a70cc2a98,Multiple Anchor Stores for Diverse Shopping,🛍️,0
a900aad1-89fe-434e-94ca-a2c6b9d5a2a7,06e0aa61-ef5c-4892-beec-a5a1df6ec52c,Four High-Rise Towers (Up to 35 Floors),🏢,0
aa689dcd-fec7-4bbc-bb26-d4fda1e09a66,728db93d-8501-488a-a01b-8917095530a1,2.5 Acre Terrace Club & AirClub Sky Lounge,🏙️,0
aa8b8c19-bf1c-499c-b588-c40cf15df4b0,6b799d00-5a0b-4a72-be56-4bd7c78352b0,Aravalli Facing Apartments,⛰️,0
aab12816-970a-4a22-a738-4cd75958182d,3fed7102-bc0c-4fe5-a6b4-b30868757223,Panoramic Views of Delhi Ridge,🌇,0
aae194f0-2e86-4cee-bce2-852f6fee1478,a44c5240-3c6f-4c6a-96ee-8ac62af3511e,Exclusive Clubhouse with Luxurious Interiors,🏛️,0
ab25d531-bfc1-400f-b6d8-e7d2782942ea,6abc2559-f9b4-4173-97fe-9b5e70f47bb1,Wellness & Fitness Center,🧘,0
abb1dfa3-418a-49dc-ba27-d56d2df55b65,6b799d00-5a0b-4a72-be56-4bd7c78352b0,Jogging Track,🏃,0
abcfc6c9-5175-4bfb-84a1-aeb71d14a625,ae24318b-3030-428a-94f6-c9c93e7789f6,Green & Water Landscapes,🌳,0
acaefade-3522-4858-a169-042e9ca3d1d9,60fb584b-a3b6-4ade-9adb-8eb02508682d,1.5 Lakh Sq.Ft. Clubhouse,🏢,0
acbc2354-2227-40fd-a36a-c9d619af9dbc,d0e6ac5d-365e-4efb-87da-97f37581be3a,"Clubhouse 60,000+ Sq.Ft.",🏛️,0
ae998209-1ee5-47c2-a343-4cc3fbf8b381,d2afb735-8465-414a-924f-a7226ea3319a,Prime Location,📍,0
af5de45d-9b56-42dc-a9aa-50838feeb451,c9b9ee68-248e-48fb-ae77-1b082109a89c,Retail Shop Front Visibility,🛍️,0
aff2f3c3-52e2-4c31-9d6e-83e373fab270,7a117c0f-16eb-4536-a0a6-028271a06f3b,High-Speed Elevators,🛗,0
aff408db-0e9e-4c27-baab-aa930cf2851f,c9b9ee68-248e-48fb-ae77-1b082109a89c,High-Speed Elevators,🛗,0
b09de9f5-382d-4376-b967-f15ba24ac9d1,8eab2ac6-fbc3-450e-b4a9-16ae669df765,Expansive Deck Balconies,🏞️,0
b0e3a1a0-772a-4673-a2e5-f8d9936e8bc6,bd535d19-6a06-45cc-a692-3d56849d8e89,Private Guest Suites & Banquet,🛌,0
b2324323-9049-4ff5-9f1e-34cb63745fdc,b78f7b94-2629-4566-b8a8-a14b578d3434,75% Open Green Space,🌳,0
b2b577ee-d2c7-4cf9-ad0c-5c5a51774a0c,4c17e492-2ed5-478e-82e3-2756706a85f9,Serviced Lofts,🏠,0
b34f8e28-e793-4641-bac4-9e5473c1f292,728db93d-8501-488a-a01b-8917095530a1,"Grand Entrance, Gardens, Jogging Tracks",🌳,0
b3686fdf-a788-4243-8953-50e3a8a31804,0442a99c-6f74-4f69-b564-e0ed491e52ac,Double-Height Retail Shops,🏪,1
b489cf52-f77e-4f50-89b6-2d8b267e27ad,20e1a7ff-2d5a-4bb7-b658-2b0c95a02d42,Two Community Clubs,🏊,0
b56bb01d-60c8-4c2f-8261-3acc4e1ceb12,254b6fe9-2325-4bb5-a35d-b214cb88764d,Dedicated Staff Room,🧑‍🔧,0
b5c16ded-82f4-4c5e-a413-127f91813ead,a3af1f05-e6bb-4a25-a7be-1f9115867304,Triple Height Shops on Ground Floor,🏬,0
b5ca286d-236c-4436-9149-5fcc423f626c,90c0031f-c707-4bed-b8f7-75f690c2b088,Spacious Residences,🏠,0
b5d0586a-22ff-4497-aee4-d98e4cdf6353,165ef67e-ef7b-4dde-9a9b-817a92875500,Premium Retail Shops,🏬,0
b61907b2-3642-4c11-8640-5580c5802238,8b6a09f7-9696-4811-ad43-bad1dea5f324,Multi-tier Security,🔒,0
b63e1191-9871-4c0f-b578-2b337eaee040,9301a8cc-a2ab-4828-98a8-455229bd4beb,Futuristic Glass Architecture,🌇,0
b6c93e5d-ca9a-46d4-88ed-45f35f6a8364,c05bb44a-4d96-4c65-9703-923dd67a4b91,Modern Infrastructure,🏢,0
b7fda246-e883-4e06-9130-b85533886a3e,8853edc1-08b4-4512-b7d8-5e10800896fe,Senior Citizens’ Zone,🚡,0
b84fce18-5b95-4224-b199-83f5375a292f,ef4d244d-fb32-42d7-a4be-0f515c4ed2c8,All Weather Swimming Pool,🏊,0
ba87a7c3-4c3d-43b4-8f97-dd9c8f7d981b,986e025d-5bf1-4c5d-90b9-2c5bda59d34a,Multiplex signed with PVR Cinemas,,0
bab9ceac-b504-4ef8-8b8e-14d23ef4a663,7a117c0f-16eb-4536-a0a6-028271a06f3b,"Clubhouse 55,000+ Sq.Ft.",🏊,0
bc107394-8ba5-49e8-9cee-a17f87ac9e2b,6b1c33af-b1a9-49a4-a9ca-6fa3545214f2,Dedicated Kids & Family Zones,🧒,0
bc513c6f-b0ef-45cd-ae2b-03e518f39ce4,bd535d19-6a06-45cc-a692-3d56849d8e89,5-Tier Security,🛡,0
bd16341b-d2cb-4f55-80d1-5ae94f77aca7,165ef67e-ef7b-4dde-9a9b-817a92875500,Ample Parking Space,🅿️,0
bd89a3fe-0dd9-4362-96c5-50a48f07e082,165ef67e-ef7b-4dde-9a9b-817a92875500,Open-Air Social Lounges,🌳,0
be9430d0-7860-45d2-a975-a749c1aeadbf,c05bb44a-4d96-4c65-9703-923dd67a4b91,World-Class Architecture,🏗️,0
be9efb7d-5490-4e17-9a38-c5ba7d2bccfa,982ed68a-ba24-4226-b101-01e7f90de70a,Plot Sizes 142-491 Sq.Yd.,📐,0
bedb3e28-8f2c-4811-87b3-5ee2ff3c2c89,bccdee7e-3f5d-4e88-a0c9-070942334caa,Sports Complex & Gym,🏋️,0
c07927cd-edad-4271-bc5f-4ba5e39c9618,ef4d244d-fb32-42d7-a4be-0f515c4ed2c8,Triple Height Grand Lobby,🏢,0
c2e82829-f44d-4b09-a6f6-7bef05f8aa9f,92cbf452-4a30-4a42-8b55-61bc7ca8baf8,Ultra-Low Density Living,🧘‍♂️,1
c3e65725-7df5-45cd-bc8c-226c961c15ab,6b799d00-5a0b-4a72-be56-4bd7c78352b0,Car Parking,🚗,0
c48a3234-e153-44e1-a13b-fbfcb0aff7d2,d9401432-af8d-41fc-8230-594a70cc2a98,Strategically planned multiple accesses,🌏,0
c4a47e04-f42b-4178-b48d-479367041ec5,b49dd03f-64af-4566-a403-d1e99e39ab97,Temperature-Controlled Infinity Pool,🏊‍♂️,2
c4e6c9d0-4bcc-49f7-b8c9-6141aacdc717,bfdbaac8-419e-473e-ae73-6edd80f14387,Swimming Pool & Pool Deck,🏊,0
c634e98c-0ffe-4a24-826a-52b2cd30c5e3,c4348b89-26f3-4e74-9253-4a68bd32df22,Iconic Glass Facade Twin Towers,🏙️,0
c652381c-607a-4205-8c38-2619c66a40d3,9301a8cc-a2ab-4828-98a8-455229bd4beb,Fine Dining & F&B Hubs,🍽️,0
c6fa8b0d-dac2-4a49-8af6-8d47efce7d85,a3af1f05-e6bb-4a25-a7be-1f9115867304,Double Height Restaurant with Terrace,🍽️,0
c7c63fb4-264f-4d2a-b005-4693e806ea8b,c9b9ee68-248e-48fb-ae77-1b082109a89c,Valet & EV Charging Points,⚡,0
c7dcf924-8ed3-4395-b2c7-4ff73a162336,a44c5240-3c6f-4c6a-96ee-8ac62af3511e,Banquet Hall & Fine Dining Restaurant,🍽️,0
c7ea1b9f-e10b-4606-ab12-cb3c38ae36f9,d2afb735-8465-414a-924f-a7226ea3319a,80% Open Green Spaces,🌳,0
c7fac9c0-7c7f-44c5-960d-8572d08fe713,c05bb44a-4d96-4c65-9703-923dd67a4b91,24/7 Security,🛡️,0
c87beb79-ddc0-4c1a-8ba7-f7587316a237,491d8e64-e144-40cd-bf4b-0273fc49acf7,Multipurpose Game Room,🎮,0
c9269633-5b43-4d7c-a175-51b3bdcd168d,37aab4b2-99cd-4d22-9d89-a29e1c2868c4,80% Open Green Area,🌳,0
c9ce5150-bc30-4245-9b5c-93bdf473fb79,a3af1f05-e6bb-4a25-a7be-1f9115867304,Connectivity to NH-48 & Dwarka Expressway,🚗,0
cacf6312-e45b-4296-af48-592e7eccc861,6abc2559-f9b4-4173-97fe-9b5e70f47bb1,Large Balconies,🌤️,0
cb83e469-c459-4c8e-96fa-9665182b5c5f,c4348b89-26f3-4e74-9253-4a68bd32df22,Double Height Living Rooms (4 BHK),🏠,0
cbfdda7b-ea22-49cd-801b-31a59b0c2522,90c0031f-c707-4bed-b8f7-75f690c2b088,Swimming Pool,🏊,0
cc5c8538-cbb0-48da-82b9-5799fb05d8ba,ae24318b-3030-428a-94f6-c9c93e7789f6,Infinity Pool & Jacuzzi,🏊,0
cc5daa99-f4d2-409b-967e-6afb64be55bf,6abc2559-f9b4-4173-97fe-9b5e70f47bb1,British-Style Clubhouse,🏰,0
cdf03a37-fe53-4825-ad1c-456a48e833fd,ae24318b-3030-428a-94f6-c9c93e7789f6,3-Sided Open Apartments,🌄,0
ce9b7d13-528a-40f4-a824-b8860b5c8c0d,bd535d19-6a06-45cc-a692-3d56849d8e89,Heated Olympic Pool & Aquatic Oasis,🏊,0
cea4294a-abb5-445f-8ec1-e8a3ee8f6db8,5ff0bc90-310e-4041-b86c-812b13c5bdad,"World-Class Architecture & Design by UHA London, Foster + Partners, etc.",🏗️,0
d0385fec-9d71-43c0-b8cc-410df221dd8f,06e0aa61-ef5c-4892-beec-a5a1df6ec52c,"Clubhouse 70,000+ Sq.Ft.",🏛️,0
d0c57a2c-706f-43f2-a902-1d10e7d4ac1c,60fb584b-a3b6-4ade-9adb-8eb02508682d,Iconic High-Rise Towers (G+40),🏙️,0
d0f83ecc-59ce-4f76-906d-c2ad71fd774a,d2afb735-8465-414a-924f-a7226ea3319a,Wrap-Around Balconies,🔄,0
d1a44b02-f2e6-47c4-9de1-d6c8b6354401,7a117c0f-16eb-4536-a0a6-028271a06f3b,7-Star Luxury Clubhouse,🏛️,0
d2c4afa9-0ef3-42fb-8e41-2e4621d18aa8,a44c5240-3c6f-4c6a-96ee-8ac62af3511e,Infinity Swimming Pool & Poolside Deck,🏊,0
d2db9fb1-6595-414f-a1d3-915d86714dea,e59debce-1f67-4a5f-ab7e-613fe1441982,Premium Modular Interiors,🛋️,0
d35061e9-7464-4656-907d-c994697b4a0b,7a117c0f-16eb-4536-a0a6-028271a06f3b,Multi-tier Security System,🔒,0
d3527b1a-d929-485a-a892-f88c723b9921,7c97e410-c9ab-43a3-bd32-65a83a08fd8b,Premium Shops & Cafes,☕,0
d35365f9-a66c-455a-b654-e63f2612b8e9,6b1c33af-b1a9-49a4-a9ca-6fa3545214f2,Multi-Tier Security,🛡️,0
d39a676c-ac77-4fbc-be4d-3645183f9eeb,ae24318b-3030-428a-94f6-c9c93e7789f6,Smart Home Automation,💡,0
d42120f0-0cd2-4b3c-bdb4-69813e957034,ead71e2f-5982-4c58-b243-5e9cd88d9fe9,Panoramic Green & City Views,🌇,0
d4e84be9-9a47-4289-81ab-299ed2c7034a,4c17e492-2ed5-478e-82e3-2756706a85f9,Hi-street retail shops,🛍️,0
d5d08700-7b94-4191-ad3c-df12dc38b524,d2afb735-8465-414a-924f-a7226ea3319a,24/7 Security,🛡️,0
d71d5d93-5fe2-486d-b689-4e21c34c5621,37aab4b2-99cd-4d22-9d89-a29e1c2868c4,Two High-rise Towers (Stilt + 38 & Stilt + 41),🏙️,0
d73dc656-df74-4192-97a3-9aee62965167,4c17e492-2ed5-478e-82e3-2756706a85f9,Multiple access points,🌏,0
d7a470ca-aa34-4401-a5fe-7c12bcfeaddd,491d8e64-e144-40cd-bf4b-0273fc49acf7,Modern Clubhouse,🏊,0
d939fce3-45fe-458b-bf19-3e240eef593c,d9401432-af8d-41fc-8230-594a70cc2a98,Landscaped plaza,🏞️,0
d9507f81-f133-49b1-996a-519669499681,7c97e410-c9ab-43a3-bd32-65a83a08fd8b,"Located in DLF Gardencity, Sector 91",📍,0
d97bbc5a-adb7-48ed-89f4-3dd97ffaa5cb,d2afb735-8465-414a-924f-a7226ea3319a,Sky Gardens & Yoga Decks,🌿,0
d97d0a81-57a9-4bd3-b228-cfe12937a817,728db93d-8501-488a-a01b-8917095530a1,Ultra-Modern Clubhouse,🏛️,0
d9a22d73-798d-4832-924b-0d86b581d5b8,8eab2ac6-fbc3-450e-b4a9-16ae669df765,Edge-to-Edge Floor-to-Ceiling Windows,🌇,0
da059ab1-7c8c-4ffc-af4a-73578a440fc6,986e025d-5bf1-4c5d-90b9-2c5bda59d34a,High visibility for retail spaces,,0
da786bf1-7b64-4aae-8f4e-9694cede419a,a9fb2cee-4190-4f2f-9940-8be2199e38e3,1.25 Lac Sqft Clubhouse,🏊,0
da98fb7b-1287-41f4-81be-ca2bbec02cea,3fed7102-bc0c-4fe5-a6b4-b30868757223,Holistic Wellness Center,🧘,0
db8d2de1-1e19-4ea4-8354-b349a5e0657b,20e1a7ff-2d5a-4bb7-b658-2b0c95a02d42,Smart Home Automation,📱,0
dbd29452-e554-49d1-ba56-5d0dfd6fbd9c,4c17e492-2ed5-478e-82e3-2756706a85f9,Restaurants & Food Courts,🍽️,0
dc84a39d-7906-4bad-93e5-a3df2c544976,8e7d9d67-660b-4099-b583-f39f14bf9a26,Private Elevator Lobbies,🎚️,0
dcdbb935-2024-471c-81d9-fc4bbabdc32e,9f1e5e3d-18bb-450b-bd00-8c0406ff8d2c,Smart Home Automation,📱,2
ddb190e5-85aa-406e-8981-586f0c4713ff,8b6a09f7-9696-4811-ad43-bad1dea5f324,Aravalli Facing Towers,🌄,0
ddd0865c-5546-4f2a-8774-0552904aa1ee,3fed7102-bc0c-4fe5-a6b4-b30868757223,5-Tier Security System,🛡️,0
ddf3afc3-94ea-4e99-93ff-125cc368242f,049251cb-0089-4e71-8624-88c23074f082,Panoramic Golf & Forest Views,🏞️,0
de1e37f4-58b2-4140-abaf-12eb6ae63610,a44c5240-3c6f-4c6a-96ee-8ac62af3511e,Meditation Pavilion & Zen Lawns,🪷,0
de50123a-49be-4e6d-9374-86289af6a44b,2a2c45d5-0f68-459c-a286-0509b7bb6073,Ultra-Luxe Clubhouse,🏢,0
dfe87ae1-281c-4faa-b66e-ffff3ef3e288,92cbf452-4a30-4a42-8b55-61bc7ca8baf8,Only 2 Residences Per Floor,🗝️,3
e048b2de-5c79-4edd-9a59-72210ed791e2,d6239c57-d7ed-4da1-84cc-3330b1ea324c,Expansive food court & F&B zone,🍽️,0
e071cedc-44fb-4ca8-8de6-cc0c12886097,6b799d00-5a0b-4a72-be56-4bd7c78352b0,Children's Play Area,🧸,0
e10ecc64-34a7-4e4e-a90c-70bffa9f74e1,5ff0bc90-310e-4041-b86c-812b13c5bdad,"Ultra-Luxury Residences (4 & 5 BHK, Penthouses)",🏠,0
e28b6ba9-e8e2-46ae-989f-896637e38222,0ef5cdef-6f02-4591-a386-553534d6cce0,Kids' Play Area & Senior Citizen Zone,👧🧓,0
e2b78f38-d2b1-42e0-bb32-de0b0d707c32,d2afb735-8465-414a-924f-a7226ea3319a,Iconic Glass Façade Towers,🏢,0
e2ebb7a2-38a1-4cf3-8919-79fd1a394619,d2afb735-8465-414a-924f-a7226ea3319a,Smart Home Automation,🎛,0
e2f3a3d0-8142-4bfb-a551-1aab7e4dcf42,6b1c33af-b1a9-49a4-a9ca-6fa3545214f2,Home Automation & Smart Controls,📱,0
e32cac1f-7f4f-4cb3-9edd-dc49afcd6d84,986e025d-5bf1-4c5d-90b9-2c5bda59d34a,Premium commercial property,,0
e391d841-38a9-4a83-8d17-dcd9e486239d,f9b16292-de07-471d-9d9c-d9f92bd44692,Expansive Clubhouse with Dedicated Zones,🏛️,0
e4e97b27-0c87-4da2-adb3-be1e4c2dc8e9,f9b16292-de07-471d-9d9c-d9f92bd44692,Rooftop Jogging Track,🏃,0
e523109c-e086-4e01-909a-6484f0ff62bb,ead71e2f-5982-4c58-b243-5e9cd88d9fe9,60% Green Open Spaces,🌳,0
e58fa84f-256b-4ccb-945a-c950a0527968,90c0031f-c707-4bed-b8f7-75f690c2b088,Kids Play Zone,🎠,0
e6098c22-118e-4e39-82b4-9dce6e52d105,bd535d19-6a06-45cc-a692-3d56849d8e89,Branded Residences by Marriott,🏨,0
e611a896-272c-4754-8ab6-dad0d89ff438,90c0031f-c707-4bed-b8f7-75f690c2b088,Smart Home Features,📱,0
e66320a2-a641-4989-8c19-c100894bca2a,8853edc1-08b4-4512-b7d8-5e10800896fe,Reflexology Zone,🛡️,0
e6839090-4b52-48e0-90f1-7ac31bd20620,d2afb735-8465-414a-924f-a7226ea3319a,Proximity to IGI Airport,✈,0
e698236d-e113-4ec8-ae91-dff311ca83e1,b49dd03f-64af-4566-a403-d1e99e39ab97,Bespoke 4 BHK Penthouses & Duplexes,👑,0
e776d7d3-dc69-4deb-9e8d-f5a3d7ec623a,986e025d-5bf1-4c5d-90b9-2c5bda59d34a,Ample parking spaces,,0
e83936bf-08ae-454b-943d-0019ca765c41,254b6fe9-2325-4bb5-a35d-b214cb88764d,1.25 Lac Sq.Ft. Grand Clubhouse,🏛️,0
e87b56a6-81a2-4241-8f56-e5adaca8c3d3,728db93d-8501-488a-a01b-8917095530a1,6 Towers | 41 Floors | 952 Units,🏢,0
e8e705b3-40b4-4207-afb8-ca4ea0672cc4,06e0aa61-ef5c-4892-beec-a5a1df6ec52c,Lush Landscaping with Aravalli Views,🌄,0
e8fd86a2-e299-4e55-8539-750a34abeb16,90c0031f-c707-4bed-b8f7-75f690c2b088,Multi-Tier Security,🛡️,0
e9b5b049-4230-4ad9-b1ef-e2d0db40bdb1,4c17e492-2ed5-478e-82e3-2756706a85f9,Modern and open boulevards,🌆,0
eadbec3e-df93-4793-b268-ff9ee54847fb,a0526302-80d5-40e4-ba4f-0e030521e651,Close to Airport & National Highway,✈️,0
eb17df2a-edfb-4f1b-b9af-cfc1eab43294,d9401432-af8d-41fc-8230-594a70cc2a98,Exquisite open dining avenues on terrace level,📍,0
ec8bba3b-df47-44ca-a5c7-588dbbc92c67,37475cb7-21c0-4c64-ba62-5174ca162a47,G+42 Tower Structure,🏙️,0
ecb5a52d-7d51-4a06-88a5-dbcce39c7529,90c0031f-c707-4bed-b8f7-75f690c2b088,Resort-Style Landscaping,🌴,0
ed2f3683-105e-409e-a51b-c27d7ec3d358,a3af1f05-e6bb-4a25-a7be-1f9115867304,4 Silver Screens Multiplex,🎬,0
ee3e4ff0-aa62-4f67-a0d2-c09640839a32,d0e6ac5d-365e-4efb-87da-97f37581be3a,Multiple Sports Facilities,🎾,0
ef3dd245-fa01-418a-9596-77f1c5e02f48,5ff0bc90-310e-4041-b86c-812b13c5bdad,Extensive Open Green Spaces (approx. 80%),🌳,0
ef40b64f-2944-4129-bd55-94239ffbe65f,d6239c57-d7ed-4da1-84cc-3330b1ea324c,Next to premium residential projects,🏬,0
efde02e0-9376-4ff8-880c-f21f27a7ecce,a9fb2cee-4190-4f2f-9940-8be2199e38e3,4 BHK (3956 SQFT) Luxury Residences,🏢,0
f1590ae8-8e6c-423b-b197-c0fc25569a9d,049251cb-0089-4e71-8624-88c23074f082,Green Terraces & Zen Hanging Gardens,🌲,0
f1862cbe-4572-41db-9be4-98b68a21795b,0ef5cdef-6f02-4591-a386-553534d6cce0,Landscape parks and gardens,🌳,0
f1aff62d-daca-46d3-956b-bd65be8c568f,8e7d9d67-660b-4099-b583-f39f14bf9a26,Green Building Certified,🌿,0
f3a9d2b6-5ba0-4ba3-ad34-5ef38a03d751,bccdee7e-3f5d-4e88-a0c9-070942334caa,Low-Density Living,🏙️,0
f51ae8eb-21ab-461a-8650-9c2c6bee1a47,37475cb7-21c0-4c64-ba62-5174ca162a47,Aravalli-Facing Apartments,🏞️,0
f51bb6f8-61e0-4d3d-ad3c-8e4488c4dc08,90c0031f-c707-4bed-b8f7-75f690c2b088,Luxury Clubhouse,🏛️,0
f51e0891-38d3-4a60-a67b-1bd518abee69,982ed68a-ba24-4226-b101-01e7f90de70a,Prime Sohna Road Location,🛣️,0
f5d7a23a-df89-4ee8-b229-2414508f4ec3,8eab2ac6-fbc3-450e-b4a9-16ae669df765,Zen Garden & Yoga Room,🌺,0
f6036165-3b66-448e-ae09-516834e4c18d,a0526302-80d5-40e4-ba4f-0e030521e651,5-level car parking,🚗,0
f6cf5ae7-3fb1-4c8b-8002-cf64d061cdce,bd535d19-6a06-45cc-a692-3d56849d8e89,Large Decks & Balconies,🌄,0
f6e55cb5-28a6-4065-9561-a59b5981d4f0,6b799d00-5a0b-4a72-be56-4bd7c78352b0,Swimming Pool,🏊,0
f7e7a9a7-9473-485b-a9fd-516c5b4a149d,8eab2ac6-fbc3-450e-b4a9-16ae669df765,Multi-Cuisine Restaurant & Pool Bar,🍽️,0
f7ff314c-2171-417a-b301-0696e0b3eece,bccdee7e-3f5d-4e88-a0c9-070942334caa,Central Lagoon & Outdoor Pool,🏊,0
f897ab1c-9e57-4aa4-97a9-980e71a8e454,8853edc1-08b4-4512-b7d8-5e10800896fe,Interactive Wall for Kids,🏊,0
f89d5151-4fe3-4a7a-a845-c00074f11914,8853edc1-08b4-4512-b7d8-5e10800896fe,Observatory Decks,📱,0
f8c66f41-7b89-48cc-ad40-750b75a640fe,92cbf452-4a30-4a42-8b55-61bc7ca8baf8,75% Open Green Spaces,🌿,0
f8f3e5cd-882a-4457-ae98-5a5cd7026c52,986e025d-5bf1-4c5d-90b9-2c5bda59d34a,Blend of high street and shopping complex,,0
f9dd859e-26cf-4f32-be5c-28f6251001ae,bfdbaac8-419e-473e-ae73-6edd80f14387,Expansive Wrap-Around Balcony,🌅,0
fa13ea62-2baa-424d-a7a2-c0d8fd939378,f9b16292-de07-471d-9d9c-d9f92bd44692,Energy Efficient VRV/VRF Air Conditioning,❄️,0
fab7549d-769c-40b0-b7ac-08999a97a198,5ff0bc90-310e-4041-b86c-812b13c5bdad,Exclusive Private Elevators & Sky-Deck Lounge,🛗,0
fb58fed7-f5c9-414e-87f4-02cc3f57dbbb,8b6a09f7-9696-4811-ad43-bad1dea5f324,Home Automation,💡,0
fc1c148a-21f7-429c-b8c4-bc590687b4e3,d0e6ac5d-365e-4efb-87da-97f37581be3a,Expansive Green Landscapes,🌳,0
fc46d8b5-7dc5-4153-b499-e21a931776ac,254b6fe9-2325-4bb5-a35d-b214cb88764d,88% Open Green Spaces,🌳,0
fc5215bb-af0f-47f4-9398-4165283e7eef,f9b16292-de07-471d-9d9c-d9f92bd44692,Italian Marble Flooring,🛋️,0
fcaf2e74-538f-4393-8b9a-16c2de3634f0,d2afb735-8465-414a-924f-a7226ea3319a,Modern Infrastructure,🏢,0
ffe5036a-ad89-4034-a6bc-547218a45053,bfdbaac8-419e-473e-ae73-6edd80f14387,Private Lift Lobby,🛗,0
fff1685e-8779-419a-9b2b-856942fe6023,728db93d-8501-488a-a01b-8917095530a1,Triple Height Lobbies,🛋️,0