id,projectId,type,url,caption,tags,floor,sortOrder
007b8ae5-5a63-4a20-8a71-24f484aeb594,491d8e64-e144-40cd-bf4b-0273fc49acf7,IMAGE,https://cdn.realtycanvas.in/projects/gallery/1756189993235-c0j2d57mr06.webp,Gallery Image 3,"[""gallery""]",,2
03aebbe0-84ec-4fa9-9235-83d05ed0f5c0,8e7d9d67-660b-4099-b583-f39f14bf9a26,IMAGE,https://cdn.realtycanvas.in/projects/gallery/4.webp,,,,3
04de91ef-6083-44d3-94a0-2796d053b253,b78f7b94-2629-4566-b8a8-a14b578d3434,IMAGE,https://cdn.realtycanvas.in/projects/gallery/1757052897682-hyjou1ktuhj.webp,Gallery Image 4,"[""gallery""]",,3
08bda3b1-2e21-440c-934b-60ce5de3911a,8e7d9d67-660b-4099-b583-f39f14bf9a26,IMAGE,https://cdn.realtycanvas.in/projects/gallery/3.webp,Gallery Image 2,"[""gallery""]",,1
0a1e58b4-bd12-4420-b0db-79ab25fa8732,ef4d244d-fb32-42d7-a4be-0f515c4ed2c8,IMAGE,https://cdn.realtycanvas.in/projects/gallery/1756884836629-8jaz9a0fl1i.webp,Gallery Image 3,"[""gallery""]",,2
0a4aec33-70cc-46da-852c-33c39da3d302,2a2c45d5-0f68-459c-a286-0509b7bb6073,IMAGE,https://cdn.realtycanvas.in/projects/gallery/1757331337789-nvqxxsx2oa.webp,Gallery Image 3,"[""gallery""]",,2
0bc12e00-4567-40b2-ac4f-194b65430dc4,d9401432-af8d-41fc-8230-594a70cc2a98,IMAGE,https://www.m3mprojects.in/images/m3m-route-65/gallery/gallery-3.webp,Gallery Image 1,"[""gallery""]",,0
0c0b34e3-2f0d-400f-bf84-966d2ab180ee,a0526302-80d5-40e4-ba4f-0e030521e651,IMAGE,https://cdn.realtycanvas.in/projects/gallery/1755693197067-c5sgq50rjem.png,Gallery Image 3,"[""gallery""]",,2
0d1e2c74-63ab-4e0a-97cf-dc4270a06975,6a3994f8-8b87-441d-8d43-732f7162ac90,IMAGE,https://cdn.realtycanvas.in/projects/gallery/1757066954996-7rncd78cuog.webp,Gallery Image 2,"[""gallery""]",,1
0e5bd348-6118-4d9f-9f63-9329537d334b,986e025d-5bf1-4c5d-90b9-2c5bda59d34a,IMAGE,https://cdn.realtycanvas.in/projects/gallery/1755778996663-owjwmrkl7bl.webp,Gallery Image 4,"[""gallery""]",,3
0e6285a4-7c7f-4296-a6ba-75057197d367,728db93d-8501-488a-a01b-8917095530a1,IMAGE,https://cdn.realtycanvas.in/projects/gallery/1756193645530-qfecn58ivs.webp,Gallery Image 3,"[""gallery""]",,2
11ae99fb-a5f9-4a12-857e-e03a89f78a99,a9fb2cee-4190-4f2f-9940-8be2199e38e3,IMAGE,https://cdn.realtycanvas.in/projects/gallery/1756120480977-l1m3bwm4i3b.webp,Gallery Image 1,"[""gallery""]",,0
11ec6432-f278-4417-80fd-07c2f41f05dd,c9b9ee68-248e-48fb-ae77-1b082109a89c,IMAGE,https://cdn.realtycanvas.in/projects/gallery/1758542923789-ephmv09j3b.webp,Gallery Image 2,"[""gallery""]",,1
1257cc94-9ec0-4ce8-bcf8-7dba62c38133,ae24318b-3030-428a-94f6-c9c93e7789f6,IMAGE,https://cdn.realtycanvas.in/projects/gallery/1756896907337-yfoglai55kr.webp,Gallery Image 3,"[""gallery""]",,2
12782d59-1e13-44fc-a9b5-c5d954274a63,f9b16292-de07-471d-9d9c-d9f92bd44692,IMAGE,https://cdn.realtycanvas.in/projects/gallery/1756292000654-ly1p7l8w15b.jpg,Gallery Image 1,"[""gallery""]",,0
13189575-b85d-4694-bb43-7a376ad164b5,ef4d244d-fb32-42d7-a4be-0f515c4ed2c8,IMAGE,https://cdn.realtycanvas.in/projects/gallery/1756884836629-681umttuxj5.webp,Gallery Image 2,"[""gallery""]",,1
14182518-44a8-450b-9032-5a10a233da62,c4348b89-26f3-4e74-9253-4a68bd32df22,IMAGE,https://cdn.realtycanvas.in/projects/gallery/1757484823662-2qkjq5qqilg.webp,Gallery Image 3,"[""gallery""]",,2
15526405-5117-41a0-b73a-9263114f188d,8853edc1-08b4-4512-b7d8-5e10800896fe,IMAGE,https://cdn.realtycanvas.in/projects/gallery/1757923800708-ac5ws0r6jaj.webp,Gallery Image 1,"[""gallery""]",,0
15d37cf1-97b5-4971-9740-bd79d1786071,6b1c33af-b1a9-49a4-a9ca-6fa3545214f2,IMAGE,https://cdn.realtycanvas.in/projects/gallery/1757931999578-or4zkd0e1s.webp,Gallery Image 2,"[""gallery""]",,1
1760223c-d980-4288-96e6-45e89a53e568,986e025d-5bf1-4c5d-90b9-2c5bda59d34a,IMAGE,https://cdn.realtycanvas.in/projects/gallery/1755778996662-x3m0ybgims.webp,Gallery Image 2,"[""gallery""]",,1
17985ecb-40cc-4517-a451-20389849ae75,ae24318b-3030-428a-94f6-c9c93e7789f6,IMAGE,https://cdn.realtycanvas.in/projects/gallery/1756896907337-9chrb76lm45.webp,Gallery Image 1,"[""gallery""]",,0
18cf8290-67de-4b53-a095-5046906a37de,d6239c57-d7ed-4da1-84cc-3330b1ea324c,IMAGE,https://cdn.realtycanvas.in/projects/gallery/1758785265198-vqnpu0sl7xc.webp,Gallery Image 2,"[""gallery""]",,1
19771d58-24e0-4910-b373-4fa854aea608,06e0aa61-ef5c-4892-beec-a5a1df6ec52c,IMAGE,https://cdn.realtycanvas.in/projects/gallery/1757509185210-cli4mioln5m.webp,Gallery Image 2,"[""gallery""]",,1
1ab2dc73-0de2-48b5-90b6-1223414b5cd6,a3af1f05-e6bb-4a25-a7be-1f9115867304,IMAGE,https://cdn.realtycanvas.in/projects/gallery/1755774512672-l0b7awvfm4s.jpeg,Gallery Image 1,"[""gallery""]",,0
1afcc54e-1c82-4707-a078-a82177e23769,8b6a09f7-9696-4811-ad43-bad1dea5f324,IMAGE,https://cdn.realtycanvas.in/projects/gallery/1756809911835-ier4f4120ui.webp,Gallery Image 2,"[""gallery""]",,1
1be1db23-1dc9-4e02-8f14-9a25cc819834,8853edc1-08b4-4512-b7d8-5e10800896fe,IMAGE,https://cdn.realtycanvas.in/projects/gallery/1757923800708-1mi6w52y0vp.webp,Gallery Image 4,"[""gallery""]",,3
1fcdca89-dfee-483c-81e5-33ccbece9e10,ead71e2f-5982-4c58-b243-5e9cd88d9fe9,IMAGE,https://cdn.realtycanvas.in/projects/gallery/1756457579060-mjgmryuu64o.webp,Gallery Image 3,"[""gallery""]",,2
20006c62-c6d3-4e5a-b2dd-ca76ae2bad33,c05bb44a-4d96-4c65-9703-923dd67a4b91,IMAGE,https://cdn.realtycanvas.in/projects/gallery/1755843653894-idlghg7c0tb.webp,Gallery Image 2,"[""gallery""]",,1
20957da6-fb52-48d7-9c20-0cc7a61aaec4,e59debce-1f67-4a5f-ab7e-613fe1441982,IMAGE,https://cdn.realtycanvas.in/projects/gallery/1757336873364-vk6z9b1jlw8.webp,Gallery Image 2,"[""gallery""]",,1
218b4d45-a266-46b3-a32e-7f42b1ba167c,21f65c22-0ac4-4e2e-92df-029afe926330,IMAGE,https://cdn.realtycanvas.in/projects/gallery/1757502571423-09m1v70zslwc.webp,Gallery Image 1,"[""gallery""]",,0
21e7f34a-45c2-4df1-a4af-7584c6c77b97,20e1a7ff-2d5a-4bb7-b658-2b0c95a02d42,IMAGE,https://cdn.realtycanvas.in/projects/gallery/1757400453273-bwyrll6cdyk.webp,Gallery Image 3,"[""gallery""]",,2
2375fe46-78a2-49d6-83d3-e8462c743b7f,12ae60bb-6415-427c-86ad-adcb52eb5a8f,IMAGE,https://cdn.realtycanvas.in/projects/gallery/1757671987597-ynzrsycj4y.webp,Gallery Image 4,"[""gallery""]",,3
246bbfcc-58b4-4a15-8dd9-cd8f2d12fec6,bfdbaac8-419e-473e-ae73-6edd80f14387,IMAGE,https://cdn.realtycanvas.in/projects/gallery/1759237029645-ujfvplcjeej.webp,Gallery Image 3,"[""gallery""]",,2
2483d8b1-7b83-47a0-8a33-326b0aed4bb4,37475cb7-21c0-4c64-ba62-5174ca162a47,IMAGE,https://cdn.realtycanvas.in/projects/gallery/1757676992162-fmobks9got9.webp,Gallery Image 1,"[""gallery""]",,0
2762e4f5-76c4-4efb-98b8-bff8269012ac,0ef5cdef-6f02-4591-a386-553534d6cce0,IMAGE,https://cdn.realtycanvas.in/projects/gallery/1755863049733-grxmqwps0ho.jpg,Gallery Image 1,"[""gallery""]",,0
2843f7f0-fe5a-44c3-840e-f5a097a688cd,986e025d-5bf1-4c5d-90b9-2c5bda59d34a,IMAGE,https://cdn.realtycanvas.in/projects/gallery/1755778996662-qrtf2j5cxd.png,Gallery Image 1,"[""gallery""]",,0
2bbdc3d4-8075-4557-b717-bd28dda7fdc4,e59debce-1f67-4a5f-ab7e-613fe1441982,IMAGE,https://cdn.realtycanvas.in/projects/gallery/1757336873364-x96qypef2a.webp,Gallery Image 1,"[""gallery""]",,0
2d8c4bac-25bc-4fc9-8df9-865ef298ba1a,a44c5240-3c6f-4c6a-96ee-8ac62af3511e,IMAGE,https://cdn.realtycanvas.in/projects/gallery/1756279397601-50ji6zo162d.webp,Gallery Image 3,"[""gallery""]",,2
2e890d3a-31de-49c1-a42d-f920deffa170,0ef5cdef-6f02-4591-a386-553534d6cce0,IMAGE,https://cdn.realtycanvas.in/projects/gallery/1755863049733-5ew62ju9j2f.jpg,Gallery Image 3,"[""gallery""]",,2
316b6ab5-9f4f-4180-99cc-49746000867a,90c0031f-c707-4bed-b8f7-75f690c2b088,IMAGE,https://cdn.realtycanvas.in/projects/gallery/1756192050819-i6k8s2craak.webp,Gallery Image 1,"[""gallery""]",,0
3179c9f5-03e8-4953-93bd-7215c4fbb75b,37aab4b2-99cd-4d22-9d89-a29e1c2868c4,IMAGE,https://cdn.realtycanvas.in/projects/gallery/1757659905715-m1t8y4hwif.webp,Gallery Image 2,"[""gallery""]",,1
31aa139c-36c7-47e1-8958-358d107bb021,6b799d00-5a0b-4a72-be56-4bd7c78352b0,IMAGE,https://cdn.realtycanvas.in/projects/gallery/1756100068326-m315yt3xk6h.webp,Gallery Image 3,"[""gallery""]",,2
33609ef7-e8fc-4708-9711-b2f684a525d1,a9fb2cee-4190-4f2f-9940-8be2199e38e3,IMAGE,https://cdn.realtycanvas.in/projects/gallery/1756120487444-7fxzd2q9l3c.jpg,Gallery Image 2,"[""gallery""]",,1
340db195-e6ea-457d-9c3c-b9ee50bfd125,c4348b89-26f3-4e74-9253-4a68bd32df22,IMAGE,https://cdn.realtycanvas.in/projects/gallery/1757484748639-89tdeqs4ogo.webp,Gallery Image 1,"[""gallery""]",,0
35377884-ed25-4698-a3ca-4979843d3af9,a44c5240-3c6f-4c6a-96ee-8ac62af3511e,IMAGE,https://cdn.realtycanvas.in/projects/gallery/1756279392372-9qrz5etwkne.webp,Gallery Image 2,"[""gallery""]",,1
38c6a3b5-ef0f-4a73-b3f0-acd891cb8a4d,20e1a7ff-2d5a-4bb7-b658-2b0c95a02d42,IMAGE,https://cdn.realtycanvas.in/projects/gallery/1757400453273-9bxphp56dj6.webp,Gallery Image 1,"[""gallery""]",,0
3abd9927-86f6-48ea-b2d2-81cd20f5bd84,d6239c57-d7ed-4da1-84cc-3330b1ea324c,IMAGE,https://cdn.realtycanvas.in/projects/gallery/1758785265198-rgnxmfiuirj.webp,Gallery Image 4,"[""gallery""]",,3
3ce7a2ab-0c71-4486-94ad-4fcd50f7cbb0,6a3994f8-8b87-441d-8d43-732f7162ac90,IMAGE,https://cdn.realtycanvas.in/projects/gallery/1757066954996-jb66mkz4jbq.webp,Gallery Image 4,"[""gallery""]",,3
406d3aa5-f1a3-45ea-8e78-5ad518ac12a1,5ff0bc90-310e-4041-b86c-812b13c5bdad,IMAGE,https://cdn.realtycanvas.in/projects/gallery/1756452774271-wei33yy38h.webp,Gallery Image 1,"[""gallery""]",,0
41634c17-1cfd-4bbe-8a8d-bced3fdb78ac,a0526302-80d5-40e4-ba4f-0e030521e651,IMAGE,https://cdn.realtycanvas.in/projects/gallery/1755693197067-b1ut35771f4.png,Gallery Image 2,"[""gallery""]",,1
427098a2-119a-4f5c-be9f-a159379553bf,491d8e64-e144-40cd-bf4b-0273fc49acf7,IMAGE,https://cdn.realtycanvas.in/projects/gallery/1756189993235-meui1xi9t.webp,Gallery Image 5,"[""gallery""]",,4
4310a7d0-feeb-426c-aa01-a0cf60b52af9,d2afb735-8465-414a-924f-a7226ea3319a,IMAGE,https://cdn.realtycanvas.in/projects/gallery/1756505128354-sm0o4weykwh.webp,Gallery Image 1,"[""gallery""]",,0
4348c8dc-cd85-4320-825e-8d7347d5e3aa,165ef67e-ef7b-4dde-9a9b-817a92875500,IMAGE,https://cdn.realtycanvas.in/projects/gallery/1758284484114-mr0izwcfiqq.webp,Gallery Image 1,"[""gallery""]",,0
443256e5-5803-4627-a19d-c462065414bc,8eab2ac6-fbc3-450e-b4a9-16ae669df765,IMAGE,https://cdn.realtycanvas.in/projects/gallery/1756658610500-36n3hyveb74.webp,Gallery Image 3,"[""gallery""]",,2
44c2a792-1abe-475d-a1a4-b63ecf11e68a,7a117c0f-16eb-4536-a0a6-028271a06f3b,IMAGE,https://cdn.realtycanvas.in/projects/gallery/1756793750927-i0uo29u29vm.webp,Gallery Image 1,"[""gallery""]",,0
453521a4-2fac-4764-84e3-5aaa825809ae,b78f7b94-2629-4566-b8a8-a14b578d3434,IMAGE,https://cdn.realtycanvas.in/projects/gallery/1757052897682-k1z9upuhqaf.webp,Gallery Image 3,"[""gallery""]",,2
4656e3b2-d0d3-4aa6-993e-4396f78a4374,049251cb-0089-4e71-8624-88c23074f082,IMAGE,https://cdn.realtycanvas.in/projects/gallery/1757057813106-rh8u051bfwm.webp,Gallery Image 2,"[""gallery""]",,1
47564009-e24f-4f63-8a9f-e8a7a7a8313e,4c17e492-2ed5-478e-82e3-2756706a85f9,IMAGE,https://d2dy9w7mmecm6m.cloudfront.net/dy-images/retail/GlimpsesOfMasterpiece/Artboard_1_-_R48SeGuEXfBE.jpg,Gallery Image 3,"[""gallery""]",,2
489543a3-54b2-488b-9d0b-ec98c7871a8d,d2afb735-8465-414a-924f-a7226ea3319a,IMAGE,https://cdn.realtycanvas.in/projects/gallery/1756505128356-rdpov38nrrc.webp,Gallery Image 2,"[""gallery""]",,1
4ee9d336-da1f-4a38-b03e-3fe0e25b5f65,254b6fe9-2325-4bb5-a35d-b214cb88764d,IMAGE,https://cdn.realtycanvas.in/projects/gallery/1757512567758-vlj2pxjrwv.png,Gallery Image 2,"[""gallery""]",,1
4fcb6748-b8d6-4f51-9892-dcb2890900b9,d0e6ac5d-365e-4efb-87da-97f37581be3a,IMAGE,https://cdn.realtycanvas.in/projects/gallery/1756879686190-44eejy8rcuj.webp,Gallery Image 2,"[""gallery""]",,1
506a7054-7f11-45d1-928e-10df28a38b94,3fed7102-bc0c-4fe5-a6b4-b30868757223,IMAGE,https://cdn.realtycanvas.in/projects/gallery/1757313842240-khy3m5olc9.webp,Gallery Image 2,"[""gallery""]",,1
5093c92a-bf25-4e9c-b5b2-e3834846ac11,21f65c22-0ac4-4e2e-92df-029afe926330,IMAGE,https://cdn.realtycanvas.in/projects/gallery/1757502571423-ir4tw5nnk8b.webp,Gallery Image 4,"[""gallery""]",,3
510a9616-8a0b-4389-a390-c939a5256b4f,5ff0bc90-310e-4041-b86c-812b13c5bdad,IMAGE,https://cdn.realtycanvas.in/projects/gallery/1756452782697-q0zchvdupmn.webp,Gallery Image 3,"[""gallery""]",,2
511a648e-8873-4d3a-819d-70961d9bd9d9,c05bb44a-4d96-4c65-9703-923dd67a4b91,IMAGE,https://cdn.realtycanvas.in/projects/gallery/1755843633329-71zyrj5s98.jpeg,Gallery Image 1,"[""gallery""]",,0
52cc130b-3e07-4232-99ce-aa84e0d60d9a,2a2c45d5-0f68-459c-a286-0509b7bb6073,IMAGE,https://cdn.realtycanvas.in/projects/gallery/1757331337789-3h3pjsg4c8h.webp,Gallery Image 1,"[""gallery""]",,0
53624bca-3f40-43a4-8dcb-a6dba23bf618,8e7d9d67-660b-4099-b583-f39f14bf9a26,IMAGE,https://cdn.realtycanvas.in/projects/gallery/2.webp,Gallery Image 3,"[""gallery""]",,2
560187d0-957a-4719-a611-deff5fed7b26,bfdbaac8-419e-473e-ae73-6edd80f14387,IMAGE,https://cdn.realtycanvas.in/projects/gallery/1758003836257-wwzm32sai3.webp,Gallery Image 2,"[""gallery""]",,1
5a490644-a488-4fc1-867b-c2408dd9a079,a44c5240-3c6f-4c6a-96ee-8ac62af3511e,IMAGE,https://cdn.realtycanvas.in/projects/gallery/1756279382978-2lfdeorqbbt.webp,Gallery Image 1,"[""gallery""]",,0
5abffc3c-a515-420e-b263-596556ba3890,12ae60bb-6415-427c-86ad-adcb52eb5a8f,IMAGE,https://cdn.realtycanvas.in/projects/gallery/1757671987597-eh70mg2wqmw.webp,Gallery Image 2,"[""gallery""]",,1
5c566ee8-04f1-42a8-a2db-8cc0ba786101,a9fb2cee-4190-4f2f-9940-8be2199e38e3,IMAGE,https://cdn.realtycanvas.in/projects/gallery/1756120487445-dlb3b2w65n.jpg,Gallery Image 3,"[""gallery""]",,2
5e38df97-7aad-4263-9ffc-9cd692018c9e,a0526302-80d5-40e4-ba4f-0e030521e651,IMAGE,https://cdn.realtycanvas.in/projects/gallery/1755693184161-nk9v3296kmg.png,Gallery Image 1,"[""gallery""]",,0
5fefa13e-1c45-4135-856f-929e5ed12bcc,21f65c22-0ac4-4e2e-92df-029afe926330,IMAGE,https://cdn.realtycanvas.in/projects/gallery/1757502571423-905ep9dgxrq.webp,Gallery Image 2,"[""gallery""]",,1
614b4958-cd95-4bef-be6a-ad5cfb9ca908,b78f7b94-2629-4566-b8a8-a14b578d3434,IMAGE,https://cdn.realtycanvas.in/projects/gallery/1757052897681-5e60v5ci024.webp,Gallery Image 1,"[""gallery""]",,0
64b032af-6b92-410e-b61e-27d5c751b06c,bccdee7e-3f5d-4e88-a0c9-070942334caa,IMAGE,https://cdn.realtycanvas.in/projects/gallery/1757919741635-mtukowd13k.webp,Gallery Image 3,"[""gallery""]",,2
659d795b-a6a0-46c9-992f-20eada113788,a3af1f05-e6bb-4a25-a7be-1f9115867304,IMAGE,https://cdn.realtycanvas.in/projects/gallery/1755774526341-mo6zqnx70l.jpeg,Gallery Image 2,"[""gallery""]",,1
663baa3d-d272-4a35-a09a-5170b290226e,6a3994f8-8b87-441d-8d43-732f7162ac90,IMAGE,https://cdn.realtycanvas.in/projects/gallery/1757066954996-vq2vgn43mkm.webp,Gallery Image 3,"[""gallery""]",,2
67059d47-28bc-4fdc-aa08-c1df8fbe2cd8,8eab2ac6-fbc3-450e-b4a9-16ae669df765,IMAGE,https://cdn.realtycanvas.in/projects/gallery/1756275536788-g6ikdb6mgqn.webp,Gallery Image 2,"[""gallery""]",,1
6a17d390-6e2e-41cc-b3e7-007526a530e7,c05bb44a-4d96-4c65-9703-923dd67a4b91,IMAGE,https://cdn.realtycanvas.in/projects/gallery/1755843653895-h0fz7x55l25.webp,Gallery Image 4,"[""gallery""]",,3
6a829025-4f02-4530-b54d-92248dceb79f,a9fb2cee-4190-4f2f-9940-8be2199e38e3,IMAGE,https://cdn.realtycanvas.in/projects/gallery/1756120487445-mj0jg5fdihh.jpeg,Gallery Image 5,"[""gallery""]",,4
6aaf5d19-257f-4a1f-9fa7-0820e4bbfbb7,5ff0bc90-310e-4041-b86c-812b13c5bdad,IMAGE,https://cdn.realtycanvas.in/projects/gallery/1756452778207-7jt7rffrwuk.webp,Gallery Image 2,"[""gallery""]",,1
6cb34c88-8bb2-44aa-8b4a-2d0e0763a4b1,ead71e2f-5982-4c58-b243-5e9cd88d9fe9,IMAGE,https://cdn.realtycanvas.in/projects/gallery/1756457569095-jl5sxi1tvrf.webp,Gallery Image 1,"[""gallery""]",,0
6d16f1df-76e9-468c-b399-2e793382be1f,7a117c0f-16eb-4536-a0a6-028271a06f3b,IMAGE,https://cdn.realtycanvas.in/projects/gallery/1756793765696-781hpnweqrk.webp,Gallery Image 4,"[""gallery""]",,3
6d73954f-0b70-4b58-865f-1cfeaf228c63,4c17e492-2ed5-478e-82e3-2756706a85f9,IMAGE,https://d2dy9w7mmecm6m.cloudfront.net/dy-images/retail/GlimpsesOfMasterpiece/Artboard_2_-_oWAvlEI4TDjw.jpg,Gallery Image 2,"[""gallery""]",,1
7055a6b9-6b91-4154-8b5e-8b5772f429cb,37aab4b2-99cd-4d22-9d89-a29e1c2868c4,IMAGE,https://cdn.realtycanvas.in/projects/gallery/1757659905715-gm6dgna5ps.webp,Gallery Image 1,"[""gallery""]",,0
737cc69a-7f9c-47a3-8f01-70def313db13,728db93d-8501-488a-a01b-8917095530a1,IMAGE,https://cdn.realtycanvas.in/projects/gallery/1756193634655-27ugp4bcxa1.webp,Gallery Image 1,"[""gallery""]",,0
746730aa-e009-4210-85eb-7b7130f27f84,21f65c22-0ac4-4e2e-92df-029afe926330,IMAGE,https://cdn.realtycanvas.in/projects/gallery/1757502571423-w0ic6kidts.webp,Gallery Image 3,"[""gallery""]",,2
761b7f29-8638-4bd9-a6c5-b54b12bd56f9,8853edc1-08b4-4512-b7d8-5e10800896fe,IMAGE,https://cdn.realtycanvas.in/projects/gallery/1757923800708-pcympfdipbj.webp,Gallery Image 2,"[""gallery""]",,1
78ac5b7c-cd48-4218-9d32-09459ab2838c,8e7d9d67-660b-4099-b583-f39f14bf9a26,IMAGE,https://cdn.realtycanvas.in/projects/gallery/1.webp,Gallery Image 1,"[""gallery""]",,0
7ba9a7fa-a74f-49ad-bda5-3e85006038b7,165ef67e-ef7b-4dde-9a9b-817a92875500,IMAGE,https://cdn.realtycanvas.in/projects/gallery/1758284484114-s7znmq0fl4d.webp,Gallery Image 2,"[""gallery""]",,1
7c2ed2ed-e0e4-4293-8581-fb93b07bb70a,12ae60bb-6415-427c-86ad-adcb52eb5a8f,IMAGE,https://cdn.realtycanvas.in/projects/gallery/1757671987597-zpv6kvxd3f.webp,Gallery Image 1,"[""gallery""]",,0
7cf828d5-d9f5-4ebd-838f-a70252add34f,ef4d244d-fb32-42d7-a4be-0f515c4ed2c8,IMAGE,https://cdn.realtycanvas.in/projects/gallery/1756884836629-b315im5b2n.webp,Gallery Image 6,"[""gallery""]",,5
7ef36819-f700-4ef0-9419-3984b78664c0,7a117c0f-16eb-4536-a0a6-028271a06f3b,IMAGE,https://cdn.realtycanvas.in/projects/gallery/1756793762353-whgqdlx1mqs.webp,Gallery Image 3,"[""gallery""]",,2
7f464991-7406-400b-8eaf-f73c4d13cc75,06e0aa61-ef5c-4892-beec-a5a1df6ec52c,IMAGE,https://cdn.realtycanvas.in/projects/gallery/1757509185211-ke4xu5bjk9s.webp,Gallery Image 3,"[""gallery""]",,2
7fc3933a-d383-4374-a22f-d106d2c6ebe2,bccdee7e-3f5d-4e88-a0c9-070942334caa,IMAGE,https://cdn.realtycanvas.in/projects/gallery/1757919741635-7ewnwpswz7k.webp,Gallery Image 4,"[""gallery""]",,3
800e5eda-b256-4607-8f9f-e82658106cca,d9401432-af8d-41fc-8230-594a70cc2a98,IMAGE,https://www.m3mprojects.in/images/m3m-route-65/gallery/gallery-2.webp,Gallery Image 3,"[""gallery""]",,2
810953df-5bb7-49ee-aec9-074023dc2fa7,d6239c57-d7ed-4da1-84cc-3330b1ea324c,IMAGE,https://cdn.realtycanvas.in/projects/gallery/1758785265198-g8zgiyoxj0l.webp,Gallery Image 3,"[""gallery""]",,2
83261135-9bf1-41ab-b24d-b028b76f3ad3,4c17e492-2ed5-478e-82e3-2756706a85f9,IMAGE,https://d2dy9w7mmecm6m.cloudfront.net/dy-images/retail/GlimpsesOfMasterpiece/Artboard_3_-_bhVH75xcv9RR.jpg,Gallery Image 1,"[""gallery""]",,0
8b34ac76-aaa5-436e-9f32-650493687c2e,2a2c45d5-0f68-459c-a286-0509b7bb6073,IMAGE,https://cdn.realtycanvas.in/projects/gallery/1757331337789-o3o6wylpfn.webp,Gallery Image 2,"[""gallery""]",,1
8b7cf1b1-7986-438b-8368-e8c162128541,7a117c0f-16eb-4536-a0a6-028271a06f3b,IMAGE,https://cdn.realtycanvas.in/projects/gallery/1756793757648-ucwjto3qxii.webp,Gallery Image 2,"[""gallery""]",,1
8b8768fa-1bd7-446f-b218-ad29179c1b9c,8e7d9d67-660b-4099-b583-f39f14bf9a26,IMAGE,https://cdn.realtycanvas.in/projects/gallery/5.webp,,,,4
8c0a8990-e3fe-4c84-a2af-bff1c7e2b55a,491d8e64-e144-40cd-bf4b-0273fc49acf7,IMAGE,https://cdn.realtycanvas.in/projects/gallery/1756189993235-weqo2vtyjpc.webp,Gallery Image 7,"[""gallery""]",,6
8c19b2b0-0fc3-4786-bdb4-dfb2fc2f6fac,3fed7102-bc0c-4fe5-a6b4-b30868757223,IMAGE,https://cdn.realtycanvas.in/projects/gallery/1757313842240-qt86djrk4n8.webp,Gallery Image 3,"[""gallery""]",,2
8c49e498-a338-4724-8011-c0f8e93d142d,d2afb735-8465-414a-924f-a7226ea3319a,IMAGE,https://cdn.realtycanvas.in/projects/gallery/1756505128356-q0tawlsjvtc.webp,Gallery Image 3,"[""gallery""]",,2
8d788d8f-12e6-4003-ba28-57957f38d44a,ae24318b-3030-428a-94f6-c9c93e7789f6,IMAGE,https://cdn.realtycanvas.in/projects/gallery/1756896907337-51iutwh2187.webp,Gallery Image 2,"[""gallery""]",,1
8edc4450-9111-4702-a2b8-3c8b5fecdd5a,049251cb-0089-4e71-8624-88c23074f082,IMAGE,https://cdn.realtycanvas.in/projects/gallery/1757057813106-bkl8l6rmh3.webp,Gallery Image 4,"[""gallery""]",,3
92d194a7-908e-44cf-b164-109518e9cc5a,c05bb44a-4d96-4c65-9703-923dd67a4b91,IMAGE,https://cdn.realtycanvas.in/projects/gallery/1755843653895-ke1v30kjuho.webp,Gallery Image 3,"[""gallery""]",,2
93073d67-8fe4-433b-ad2b-b3f9b80b4781,d6239c57-d7ed-4da1-84cc-3330b1ea324c,IMAGE,https://cdn.realtycanvas.in/projects/gallery/1758785265198-msqpth0q4d.webp,Gallery Image 1,"[""gallery""]",,0
99076b70-53d7-427e-97e3-db8664802999,6a3994f8-8b87-441d-8d43-732f7162ac90,IMAGE,https://cdn.realtycanvas.in/projects/gallery/1757066954996-kxsdjfbdthb.webp,Gallery Image 1,"[""gallery""]",,0
aaff26b6-da8d-49a2-80c8-9664ab5c2dca,254b6fe9-2325-4bb5-a35d-b214cb88764d,IMAGE,https://cdn.realtycanvas.in/projects/gallery/1756813629217-5o97ogoq84r.webp,Gallery Image 3,"[""gallery""]",,2
ad9976ed-7afc-4140-a9d6-d0852c1b4a31,e59debce-1f67-4a5f-ab7e-613fe1441982,IMAGE,https://cdn.realtycanvas.in/projects/gallery/1757336873364-wcnizn3qdk.webp,Gallery Image 3,"[""gallery""]",,2
adb08ce3-6c1c-405d-9e42-53512ef02047,d0e6ac5d-365e-4efb-87da-97f37581be3a,IMAGE,https://cdn.realtycanvas.in/projects/gallery/1756879686190-5c87x6eo8wq.webp,Gallery Image 3,"[""gallery""]",,2
adc39d92-4181-4257-8f47-6cd92eb56619,6b799d00-5a0b-4a72-be56-4bd7c78352b0,IMAGE,https://cdn.realtycanvas.in/projects/gallery/1756100068326-r4i2wlmv1vp.jpg,Gallery Image 1,"[""gallery""]",,0
b0924fe0-4264-4c5a-b90a-73dbe6fe596d,bd535d19-6a06-45cc-a692-3d56849d8e89,IMAGE,https://cdn.realtycanvas.in/projects/gallery/1756468912327-43d1uo43kj9.webp,Gallery Image 3,"[""gallery""]",,2
b1abf6f0-bdbd-43bc-be72-6613050c28d8,8853edc1-08b4-4512-b7d8-5e10800896fe,IMAGE,https://cdn.realtycanvas.in/projects/gallery/1757923800708-dogvz81002c.webp,Gallery Image 3,"[""gallery""]",,2
b26e6a23-4707-4718-86db-e84bf5cdc990,37475cb7-21c0-4c64-ba62-5174ca162a47,IMAGE,https://cdn.realtycanvas.in/projects/gallery/1757676992162-yeda8rjctza.webp,Gallery Image 2,"[""gallery""]",,1
b5339a5f-26b2-403c-9ca2-cdbc3a1f4622,90c0031f-c707-4bed-b8f7-75f690c2b088,IMAGE,https://cdn.realtycanvas.in/projects/gallery/1756192060934-nmwsss89krs.webp,Gallery Image 4,"[""gallery""]",,3
b82c2757-ae04-498a-b118-442323f57efc,491d8e64-e144-40cd-bf4b-0273fc49acf7,IMAGE,https://cdn.realtycanvas.in/projects/gallery/1756189993235-oh5xt0bthn.webp,Gallery Image 8,"[""gallery""]",,7
b9195c65-a7ca-42a5-9a5f-034c0fb23c7b,6b799d00-5a0b-4a72-be56-4bd7c78352b0,IMAGE,https://cdn.realtycanvas.in/projects/gallery/1756100068326-znzb9811jzi.webp,Gallery Image 2,"[""gallery""]",,1
ba2b2de8-e440-4258-990a-8078188a5208,9301a8cc-a2ab-4828-98a8-455229bd4beb,IMAGE,https://cdn.realtycanvas.in/projects/gallery/1758280500193-hf2b24lr19t.webp,Gallery Image 1,"[""gallery""]",,0
bb0f84b0-7d83-4a2c-882f-69e5e458e547,9301a8cc-a2ab-4828-98a8-455229bd4beb,IMAGE,https://cdn.realtycanvas.in/projects/gallery/1758280500194-nz0dyq6l0t.webp,Gallery Image 2,"[""gallery""]",,1
bdecc8a1-e8c7-4bb3-9984-f5993e2bfbaa,37475cb7-21c0-4c64-ba62-5174ca162a47,IMAGE,https://cdn.realtycanvas.in/projects/gallery/1757676992162-xbspn2yk8jf.webp,Gallery Image 4,"[""gallery""]",,3
be1b9e4e-0810-45ba-b93e-15a352b1ad1a,bfdbaac8-419e-473e-ae73-6edd80f14387,IMAGE,https://cdn.realtycanvas.in/projects/gallery/1758003836257-vrtg97qpuvq.webp,Gallery Image 1,"[""gallery""]",,0
be95ef54-7718-47e8-a9f1-4c87be447597,6b1c33af-b1a9-49a4-a9ca-6fa3545214f2,IMAGE,https://cdn.realtycanvas.in/projects/gallery/1757931999578-fc9kbk970pj.webp,Gallery Image 3,"[""gallery""]",,2
bebf7a05-a8e8-4821-a7c3-e2161dd283aa,8eab2ac6-fbc3-450e-b4a9-16ae669df765,IMAGE,https://cdn.realtycanvas.in/projects/gallery/1756275528215-k6ybi8myli.webp,Gallery Image 1,"[""gallery""]",,0
bf5c4a1f-0142-48ed-bfad-2a90562750c4,d0e6ac5d-365e-4efb-87da-97f37581be3a,IMAGE,https://cdn.realtycanvas.in/projects/gallery/1756879686190-l72zqahltrd.webp,Gallery Image 1,"[""gallery""]",,0
c06f5248-dbb5-4789-89b6-6939f4c6d016,728db93d-8501-488a-a01b-8917095530a1,IMAGE,https://cdn.realtycanvas.in/projects/gallery/1756193645530-wh736yhjk7.webp,Gallery Image 2,"[""gallery""]",,1
c181efd3-836e-4f9c-b96e-0cd9880bd7f0,a9fb2cee-4190-4f2f-9940-8be2199e38e3,IMAGE,https://cdn.realtycanvas.in/projects/gallery/1756120487445-4iw22m89du.jpg,Gallery Image 4,"[""gallery""]",,3
c258ab93-1f68-41ab-b255-07bbbeb8bbca,6abc2559-f9b4-4173-97fe-9b5e70f47bb1,IMAGE,https://cdn.realtycanvas.in/projects/gallery/1759142369293-wqy6g8j6rnp.webp,Gallery Image 2,"[""gallery""]",,1
c32ed08b-94d3-47c7-a1e2-6d65a0c97c93,491d8e64-e144-40cd-bf4b-0273fc49acf7,IMAGE,https://cdn.realtycanvas.in/projects/gallery/1756189993235-gmf7pnd8co9.webp,Gallery Image 2,"[""gallery""]",,1
c37a75b0-a3c1-4403-85eb-cb4d8e7c3144,3fed7102-bc0c-4fe5-a6b4-b30868757223,IMAGE,https://cdn.realtycanvas.in/projects/gallery/1757313842239-b2gpqnr307d.webp,Gallery Image 1,"[""gallery""]",,0
c3a258b1-cdee-4c12-8063-6eea14d26a62,90c0031f-c707-4bed-b8f7-75f690c2b088,IMAGE,https://cdn.realtycanvas.in/projects/gallery/1756192060933-i999uygcw7f.webp,Gallery Image 2,"[""gallery""]",,1
c3aece76-c55b-42b2-8bf2-92b83e2967dd,c4348b89-26f3-4e74-9253-4a68bd32df22,IMAGE,https://cdn.realtycanvas.in/projects/gallery/1757484748639-s0gtt345wwl.webp,Gallery Image 2,"[""gallery""]",,1
c47680ec-9fa7-4082-8df5-bdff67657840,6abc2559-f9b4-4173-97fe-9b5e70f47bb1,IMAGE,https://cdn.realtycanvas.in/projects/gallery/1759142369293-nca7hs9uev.webp,Gallery Image 1,"[""gallery""]",,0
c93db8a1-3bb3-47b3-b2ea-d550001e376e,ef4d244d-fb32-42d7-a4be-0f515c4ed2c8,IMAGE,https://cdn.realtycanvas.in/projects/gallery/1756884836628-damf1cwk73a.webp,Gallery Image 1,"[""gallery""]",,0
cadf0f5f-5ede-4168-8273-6dc016d2a7a7,ead71e2f-5982-4c58-b243-5e9cd88d9fe9,IMAGE,https://cdn.realtycanvas.in/projects/gallery/1756457575563-3nj51plhs9u.webp,Gallery Image 2,"[""gallery""]",,1
cbb70f0c-40d3-457c-938d-67f2335b0174,a3af1f05-e6bb-4a25-a7be-1f9115867304,IMAGE,https://cdn.realtycanvas.in/projects/gallery/1755774526342-gloj3l7fhwb.jpeg,Gallery Image 3,"[""gallery""]",,2
cc29ea9e-8f30-4fe3-9139-e298113df2da,ae24318b-3030-428a-94f6-c9c93e7789f6,IMAGE,https://cdn.realtycanvas.in/projects/gallery/1756896931749-4z26r1ukhhx.webp,Gallery Image 4,"[""gallery""]",,3
cc3db3d3-484f-4357-9185-d9c24163b09f,90c0031f-c707-4bed-b8f7-75f690c2b088,IMAGE,https://cdn.realtycanvas.in/projects/gallery/1756192060933-1wtpxd6bis6j.webp,Gallery Image 3,"[""gallery""]",,2
cc7a4e8d-0500-4c3a-a31e-2ff49949c7e8,25c84bea-37cc-4a00-a8eb-a504f8a191f4,IMAGE,https://www.m3mrealty.com/commercial/m3m-jewel-mg-road-gurgaon/images/gallery/5.jpg,Gallery Image 4,"[""gallery""]",,3
cd1e4da1-40dc-47a8-b563-bc914345760e,049251cb-0089-4e71-8624-88c23074f082,IMAGE,https://cdn.realtycanvas.in/projects/gallery/1757057813106-od7e2ob8ths.webp,Gallery Image 3,"[""gallery""]",,2
cfbac1e2-903b-454a-aea1-bd24a1dac919,bccdee7e-3f5d-4e88-a0c9-070942334caa,IMAGE,https://cdn.realtycanvas.in/projects/gallery/1757919741635-9y1e5ukmq5g.webp,Gallery Image 2,"[""gallery""]",,1
d0352b0d-f5b6-4832-a7eb-fe1139a08b1c,6b1c33af-b1a9-49a4-a9ca-6fa3545214f2,IMAGE,https://cdn.realtycanvas.in/projects/gallery/1757931999579-px2v6rva4h.webp,Gallery Image 4,"[""gallery""]",,3
d118db55-459b-426b-868f-e97729eae3a8,25c84bea-37cc-4a00-a8eb-a504f8a191f4,IMAGE,https://www.m3mrealty.com/commercial/m3m-jewel-mg-road-gurgaon/images/pictures/3.jpg,Gallery Image 2,"[""gallery""]",,1
d14573e5-3ffe-40d8-8a9d-33baab774601,986e025d-5bf1-4c5d-90b9-2c5bda59d34a,IMAGE,https://cdn.realtycanvas.in/projects/gallery/1755778996663-0cz9j34v4an8.webp,Gallery Image 3,"[""gallery""]",,2
d1c55f03-75a3-453a-85f3-d92cb924612f,06e0aa61-ef5c-4892-beec-a5a1df6ec52c,IMAGE,https://cdn.realtycanvas.in/projects/gallery/1757509185210-f9glxns3zni.webp,Gallery Image 1,"[""gallery""]",,0
d3496e9a-0b28-4ef2-83aa-7af92bbd03ea,ef4d244d-fb32-42d7-a4be-0f515c4ed2c8,IMAGE,https://cdn.realtycanvas.in/projects/gallery/1756884836629-ukwez3formm.webp,Gallery Image 4,"[""gallery""]",,3
d3ccae43-4c40-46ce-816f-8deeee6f7fd8,bd535d19-6a06-45cc-a692-3d56849d8e89,IMAGE,https://cdn.realtycanvas.in/projects/gallery/1756468902941-e54qsdb6v1n.webp,Gallery Image 1,"[""gallery""]",,0
d53e05f9-4fc9-49ef-a616-d41692485d5c,b78f7b94-2629-4566-b8a8-a14b578d3434,IMAGE,https://cdn.realtycanvas.in/projects/gallery/1757052897682-8ei54uuzgr.webp,Gallery Image 2,"[""gallery""]",,1
d5c8c742-0350-4bb0-9c7b-dedfa5a3135a,491d8e64-e144-40cd-bf4b-0273fc49acf7,IMAGE,https://cdn.realtycanvas.in/projects/gallery/1756189977847-48lygsh2uar.webp,Gallery Image 1,"[""gallery""]",,0
d69112ba-e450-47e2-a0b4-054a2ca9c3de,6a3994f8-8b87-441d-8d43-732f7162ac90,IMAGE,https://cdn.realtycanvas.in/projects/gallery/1757066954996-hdlggsqe4lf.webp,Gallery Image 5,"[""gallery""]",,4
d8832ffd-a2b7-4639-9c4c-4027e98ca497,a9fb2cee-4190-4f2f-9940-8be2199e38e3,IMAGE,https://cdn.realtycanvas.in/projects/gallery/1756120487446-ru15n1g7a4j.jpg,Gallery Image 7,"[""gallery""]",,6
d9073795-e03f-4de4-8001-a400cef2e53a,20e1a7ff-2d5a-4bb7-b658-2b0c95a02d42,IMAGE,https://cdn.realtycanvas.in/projects/gallery/1757400453273-r7n9ypu90l.webp,Gallery Image 2,"[""gallery""]",,1
d9ceebd9-6bfc-467a-ad06-8ae8cc7668db,049251cb-0089-4e71-8624-88c23074f082,IMAGE,https://cdn.realtycanvas.in/projects/gallery/1757057813106-dd1mu12ns.webp,Gallery Image 1,"[""gallery""]",,0
da8df1ca-8daa-4686-9255-5029bc3c0f2d,491d8e64-e144-40cd-bf4b-0273fc49acf7,IMAGE,https://cdn.realtycanvas.in/projects/gallery/1756189993235-2wgmv87y46x.webp,Gallery Image 6,"[""gallery""]",,5
da942695-2980-49d4-9d3f-6c514f7520d1,728db93d-8501-488a-a01b-8917095530a1,IMAGE,https://cdn.realtycanvas.in/projects/gallery/1756193645530-tmzkrskqgop.webp,Gallery Image 4,"[""gallery""]",,3
db262d3d-e426-49c7-b451-6fdda082f569,2a2c45d5-0f68-459c-a286-0509b7bb6073,IMAGE,https://cdn.realtycanvas.in/projects/gallery/1757331337789-le7qd5syoaj.webp,Gallery Image 4,"[""gallery""]",,3
dbee0caa-86cf-4bc8-8efe-e3ad58e30656,9301a8cc-a2ab-4828-98a8-455229bd4beb,IMAGE,https://cdn.realtycanvas.in/projects/gallery/1758280500194-nq344xoxsuq.webp,Gallery Image 3,"[""gallery""]",,2
dd890fe1-641d-4429-b7ed-1466991b7554,0ef5cdef-6f02-4591-a386-553534d6cce0,IMAGE,https://cdn.realtycanvas.in/projects/gallery/1755863049733-ubrne2h40af.jpg,Gallery Image 2,"[""gallery""]",,1
de0514e6-4f4b-4212-98b3-359bbe0a8c9d,a9fb2cee-4190-4f2f-9940-8be2199e38e3,IMAGE,https://cdn.realtycanvas.in/projects/gallery/1756120487446-sdtcyzj9dvm.jpeg,Gallery Image 6,"[""gallery""]",,5
e1498567-4cf6-44fb-9112-1c73b1045632,986e025d-5bf1-4c5d-90b9-2c5bda59d34a,IMAGE,https://cdn.realtycanvas.in/projects/gallery/1755778996663-1weu5ceg3wx.webp,Gallery Image 5,"[""gallery""]",,4
e2e362cf-f9b9-4463-b1a4-df38f04bc5c8,6abc2559-f9b4-4173-97fe-9b5e70f47bb1,IMAGE,https://cdn.realtycanvas.in/projects/gallery/1759142369293-lpglwrj71wo.webp,Gallery Image 3,"[""gallery""]",,2
e4c4a27f-af65-4f49-a3f3-23d9827fc694,d9401432-af8d-41fc-8230-594a70cc2a98,IMAGE,https://www.m3mprojects.in/images/m3m-route-65/gallery/gallery-5.webp,Gallery Image 2,"[""gallery""]",,1
e6d6a6e5-54c4-492a-ad66-9fda25b947a7,6b1c33af-b1a9-49a4-a9ca-6fa3545214f2,IMAGE,https://cdn.realtycanvas.in/projects/gallery/main-banner.webp,Gallery Image 1,"[""gallery""]",,0
e715921e-430f-4617-8d27-63d2beb98e00,12ae60bb-6415-427c-86ad-adcb52eb5a8f,IMAGE,https://cdn.realtycanvas.in/projects/gallery/1757671987597-fyx7ri871di.webp,Gallery Image 3,"[""gallery""]",,2
e7438152-4e0e-437d-8206-11c95c546b11,f9b16292-de07-471d-9d9c-d9f92bd44692,IMAGE,https://cdn.realtycanvas.in/projects/gallery/1756292015058-f6kv77ma9ak.jpg,Gallery Image 3,"[""gallery""]",,2
e7a4f8e0-8307-4d84-a2ca-c5f6bb957ecb,25c84bea-37cc-4a00-a8eb-a504f8a191f4,IMAGE,https://www.m3mrealty.com/commercial/m3m-jewel-mg-road-gurgaon/images/pictures/1.jpg,Gallery Image 1,"[""gallery""]",,0
e7d7bfd5-525d-4879-a123-e5259a5d50dd,ef4d244d-fb32-42d7-a4be-0f515c4ed2c8,IMAGE,https://cdn.realtycanvas.in/projects/gallery/1756884836629-n0hao28lhgq.webp,Gallery Image 5,"[""gallery""]",,4
e9275cad-ea55-42d5-9266-ce7b91f02d25,bccdee7e-3f5d-4e88-a0c9-070942334caa,IMAGE,https://cdn.realtycanvas.in/projects/gallery/1757919741634-8zq5dnx6ssd.webp,Gallery Image 1,"[""gallery""]",,0
e95834f4-0a43-4175-9cfc-077293e0df6e,25c84bea-37cc-4a00-a8eb-a504f8a191f4,IMAGE,https://d2dy9w7mmecm6m.cloudfront.net/dy-images/retail/GlimpsesOfMasterpiece/Project_Highlights_M3M_JEWEL_(1)_-_L7iNNRqN0lLV.webp,Gallery Image 5,"[""gallery""]",,4
ea67f1b7-4e94-4140-b9d2-44fb1a6bbda0,3fed7102-bc0c-4fe5-a6b4-b30868757223,IMAGE,https://cdn.realtycanvas.in/projects/gallery/1757313842240-05o1pyvq21qu.webp,Gallery Image 4,"[""gallery""]",,3
ebedded7-ead5-4261-9a12-8599de00f5b0,25c84bea-37cc-4a00-a8eb-a504f8a191f4,IMAGE,https://www.m3mrealty.com/commercial/m3m-jewel-mg-road-gurgaon/images/gallery/3.jpg,Gallery Image 3,"[""gallery""]",,2
ee8d3b68-f67a-49fd-80ea-f99fd425cca3,c9b9ee68-248e-48fb-ae77-1b082109a89c,IMAGE,https://cdn.realtycanvas.in/projects/gallery/1758542923789-r49cjhzt7fp.webp,Gallery Image 1,"[""gallery""]",,0
ef01aa0c-3d41-4f6e-8482-bf8e16e4fe18,254b6fe9-2325-4bb5-a35d-b214cb88764d,IMAGE,https://cdn.realtycanvas.in/projects/gallery/1757512562798-166k4ohlv6s.png,Gallery Image 1,"[""gallery""]",,0
f787b07f-0bc7-4048-8180-85c3868f80cf,491d8e64-e144-40cd-bf4b-0273fc49acf7,IMAGE,https://cdn.realtycanvas.in/projects/gallery/1756189993235-kzf00a70i3r.webp,Gallery Image 4,"[""gallery""]",,3
f811abdc-48e3-4520-95b4-92bf6d164dee,bd535d19-6a06-45cc-a692-3d56849d8e89,IMAGE,https://cdn.realtycanvas.in/projects/gallery/1756468909094-9ofogahfzzq.webp,Gallery Image 2,"[""gallery""]",,1
f821775a-72db-405d-9f8a-714b4277eff2,8b6a09f7-9696-4811-ad43-bad1dea5f324,IMAGE,https://cdn.realtycanvas.in/projects/gallery/1756809906732-vpj5mb2dyos.webp,Gallery Image 1,"[""gallery""]",,0
f8e87049-a646-45cf-9062-3da304e8f1ed,37475cb7-21c0-4c64-ba62-5174ca162a47,IMAGE,https://cdn.realtycanvas.in/projects/gallery/1757676992162-a8e79a8z11.webp,Gallery Image 3,"[""gallery""]",,2
fb574ef3-682b-43c6-be62-b5e8c9f16843,c05bb44a-4d96-4c65-9703-923dd67a4b91,IMAGE,https://cdn.realtycanvas.in/projects/gallery/1755843653896-ihfnhegog9.webp,Gallery Image 5,"[""gallery""]",,4
fe35a221-aee1-4736-9c46-6c84472a83d4,f9b16292-de07-471d-9d9c-d9f92bd44692,IMAGE,https://cdn.realtycanvas.in/projects/gallery/1756292011493-s8q9h8619w.jpg,Gallery Image 2,"[""gallery""]",,1