id,projectId,configurationId,unitNumber,type,floor,areaSqFt,frontageFt,ceilingHeightFt,fitOutStatus,nearAnchor,isCorner,visibilityScore,ventilationReady,priceTotal,ratePsf,leaseModel,lockInMonths,escalationPct,availability,notes
02c5d763-e884-4edc-bddf-e2346f40bb0f,049251cb-0089-4e71-8624-88c23074f082,,12,APARTMENT,4BHK +SQ,3392 SQ.FT,,,,false,false,,,,,,,,AVAILABLE,
0393ac1e-26ec-4d8b-96c1-4bbb57358fdb,37475cb7-21c0-4c64-ba62-5174ca162a47,,1,APARTMENT,3 BHK + SQ,2250 SQ.FT,,,,false,false,,,,,,,,AVAILABLE,
04bd8027-8590-47ab-a57d-7fb751f12b07,5ff0bc90-310e-4041-b86c-812b13c5bdad,,Wing Unit,APARTMENT,"4BHK ",4223 Sq Ft,,,,false,false,,,,,,,,AVAILABLE,
05a3a6da-7fa0-4ebe-a9d4-2fd5a1b11664,12ae60bb-6415-427c-86ad-adcb52eb5a8f,,1,APARTMENT,4 BHK + SQ,3610 SQ.FT,,,,false,false,,,,,,,,AVAILABLE,
066cd329-e349-47bb-b331-a0d2e7deb9b2,bfdbaac8-419e-473e-ae73-6edd80f14387,,4,APARTMENT,3BHK,2089 SQ.FT,,,,false,false,,,,,,,,AVAILABLE,
070f342b-5d72-42f0-9e03-f69f92a4f33d,986e025d-5bf1-4c5d-90b9-2c5bda59d34a,,Studio Apartment,APARTMENT,Sixth Floor,On Request,,,,false,false,,,,,,,,AVAILABLE,
071f9654-8093-4fc7-9a92-09cec9394a03,986e025d-5bf1-4c5d-90b9-2c5bda59d34a,,FF Shop,RETAIL,First Floor,608,,,,false,false,,,,,,,,AVAILABLE,
0784b6d0-b9b1-4b0f-b889-48387fc08425,12ae60bb-6415-427c-86ad-adcb52eb5a8f,,2,APARTMENT,4 BHK + SQ,4800 SQ.FT,,,,false,false,,,,,,,,AVAILABLE,
081e508d-1279-470f-a68d-cbe2dd17c8a4,049251cb-0089-4e71-8624-88c23074f082,,6,APARTMENT,4BHK +SQ,4061 SQ.FT,,,,false,false,,,,,,,,AVAILABLE,
0aba8cfa-39be-4171-b28c-afae40359354,254b6fe9-2325-4bb5-a35d-b214cb88764d,,1,APARTMENT,4BHK+Utility,3577 SQ.FT,,,,false,false,,,,,,,,AVAILABLE,
0b9aeb66-8169-4490-9d50-9e81aaf00464,6a3994f8-8b87-441d-8d43-732f7162ac90,,5,APARTMENT,4.5 BHK,2945 Sq Ft,,,,false,false,,,,,,,,AVAILABLE,
0bd89153-d1ad-4678-a603-6df3451c01ee,ae24318b-3030-428a-94f6-c9c93e7789f6,,3,APARTMENT,4BHK,2659 SQ.FT,,,,false,false,,,,,,,,AVAILABLE,
0d0c2b52-9696-468d-9b60-d18fa0d6aa45,6a3994f8-8b87-441d-8d43-732f7162ac90,,8,APARTMENT,4.5 BHK,3125 Sq Ft,,,,false,false,,,,,,,,AVAILABLE,
0f853ef4-f666-4778-91da-e477c03d62f6,982ed68a-ba24-4226-b101-01e7f90de70a,,12,APARTMENT,SP5,293.63 Sq.Meter,,,,false,false,,,,,,,,AVAILABLE,
0f96e013-f5c5-42df-a4fa-115b410ecf9d,5ff0bc90-310e-4041-b86c-812b13c5bdad,,Penthouse HeadUnit,APARTMENT,"4BHK ",8053 Sq Ft,,,,false,false,,,,,,,,AVAILABLE,
10ce6d7b-25c4-4e88-9031-8a4ef654f5ea,2a2c45d5-0f68-459c-a286-0509b7bb6073,,3,APARTMENT,3BHK,1902 SQ.FT,,,,false,false,,,,,,,,AVAILABLE,
10f2aafa-162e-465f-81e9-66008037da8e,8eab2ac6-fbc3-450e-b4a9-16ae669df765,,4,APARTMENT,4 Bed Residences,4936 SQ.FT,,,,false,false,,,,,,,,AVAILABLE,
12ae456a-f9f8-41a6-931a-3748e32dbb6c,ead71e2f-5982-4c58-b243-5e9cd88d9fe9,,4,APARTMENT,4 BHK,3375 Sq Ft,,,,false,false,,,,,,,,AVAILABLE,
12dd7f28-63ed-4d77-b018-c66d1807c072,2a2c45d5-0f68-459c-a286-0509b7bb6073,,5,APARTMENT,4BHK,2650 SQ.FT,,,,false,false,,,,,,,,AVAILABLE,
13502dfb-07b5-4ef7-88ab-3ddb09ecf90b,ead71e2f-5982-4c58-b243-5e9cd88d9fe9,,5,APARTMENT,5BHK,4095 Sq Ft,,,,false,false,,,,,,,,AVAILABLE,
143f9108-0a20-4556-a694-25d0bb9d19bf,20e1a7ff-2d5a-4bb7-b658-2b0c95a02d42,,1,APARTMENT,3BHK,2611 Sq Ft,,,,false,false,,,,,,,,AVAILABLE,
15fd462e-7a7b-4249-9426-6b16a3972201,06e0aa61-ef5c-4892-beec-a5a1df6ec52c,,3,APARTMENT,3BHK,1450 SQ.FT,,,,false,false,,,,,,,,AVAILABLE,
19890fbd-88d7-4bb2-a796-73d49830a642,6abc2559-f9b4-4173-97fe-9b5e70f47bb1,,2,APARTMENT,4 BHK + SQ,3395 SQ.FT,,,,false,false,,,,,,,,AVAILABLE,
1a886c0f-289d-4abf-9cbe-adfe87089953,049251cb-0089-4e71-8624-88c23074f082,,8,APARTMENT,4BHK +SQ,3691 SQ.FT,,,,false,false,,,,,,,,AVAILABLE,
1b1d416e-8ba9-43ad-b070-60bca16bca86,982ed68a-ba24-4226-b101-01e7f90de70a,,10,APARTMENT,SP3,210.10 Sq.Meter,,,,false,false,,,,,,,,AVAILABLE,
1fb73842-c09e-4a75-ac8d-c4370cbd455a,049251cb-0089-4e71-8624-88c23074f082,,2,APARTMENT,3BHK + SQ,2845 SQ.FT,,,,false,false,,,,,,,,AVAILABLE,
2253914a-8482-4790-8349-3d5ff0620287,6b799d00-5a0b-4a72-be56-4bd7c78352b0,,3,APARTMENT,4BHK,3883 Sq.ft,,,,false,false,,,,,,,,AVAILABLE,
23230ef0-1350-43df-a7f3-376226516d35,0d428cdd-2dcd-46ea-85ec-98471e318483,,1,APARTMENT,3BHK,1357 SQ.FT,,,,false,false,,,,,,,,AVAILABLE,
235380b1-1584-48d2-ad68-f6052d6fe408,c4348b89-26f3-4e74-9253-4a68bd32df22,,2,APARTMENT,4 BHK,4550 SQ.FT,,,,false,false,,,,,,,,AVAILABLE,
238cd3b5-67d3-4173-bc20-8f5b78d2f9ff,8eab2ac6-fbc3-450e-b4a9-16ae669df765,,3,APARTMENT,4 Bed Residences,4909 SQ.FT,,,,false,false,,,,,,,,AVAILABLE,
24468090-e6a7-43fd-87ca-18dc65431d3f,6b1c33af-b1a9-49a4-a9ca-6fa3545214f2,,2,APARTMENT,4 BHK,1905 SQ.FT,,,,false,false,,,,,,,,AVAILABLE,
261d25c1-6fc1-4cf2-b921-5171fd795faf,f9b16292-de07-471d-9d9c-d9f92bd44692,,Unit Type-13,APARTMENT,3.5 BHK+Utility,2503 SQ.FT,,,,false,false,,,,,,,,AVAILABLE,
2715759c-7525-41a0-84e9-89a76773dafd,049251cb-0089-4e71-8624-88c23074f082,,1,APARTMENT,3BHK + SQ,2836 SQ.FT,,,,false,false,,,,,,,,AVAILABLE,
287ea400-7cbf-4bdb-9be2-f9e6405490c5,b78f7b94-2629-4566-b8a8-a14b578d3434,,3,APARTMENT,4BHK,2800 SQ.FT,,,,false,false,,,,,,,,AVAILABLE,
28fe8bd1-2a49-4e05-9b78-0e15a6a6c946,d9401432-af8d-41fc-8230-594a70cc2a98,,R1 163,ANCHOR,FF,2078.65,,,,false,false,,,,,,,,AVAILABLE,
2a7caaa2-d4ae-4897-90a5-6e3a82d9136e,8eab2ac6-fbc3-450e-b4a9-16ae669df765,,2,APARTMENT,4 Bed Residences,3929 SQ.FT,,,,false,false,,,,,,,,AVAILABLE,
2b3af65b-ed54-4566-8431-0c978bd87d96,8e7d9d67-660b-4099-b583-f39f14bf9a26,,2,APARTMENT,4 BHK,3780 SQ.FT,,,,false,false,,,,,,,,AVAILABLE,
2b5068a9-8f6b-46b3-949e-5a5f93fe2f6b,bfdbaac8-419e-473e-ae73-6edd80f14387,,1,APARTMENT,3BHK,1980 SQ.FT,,,,false,false,,,,,,,,AVAILABLE,
2b7f7979-a4cf-4070-b2d8-f5ce25eea725,37475cb7-21c0-4c64-ba62-5174ca162a47,,2,APARTMENT,4 BHK + SQ,2750 SQ.FT,,,,false,false,,,,,,,,AVAILABLE,
2e47f3de-8b26-4add-bacc-4189f39a1769,d9401432-af8d-41fc-8230-594a70cc2a98,,R1 164,ANCHOR,FF,598,,,,false,false,,,,,,,,AVAILABLE,
2ebbcb42-623c-4d6c-b554-37ec75c6ef59,ead71e2f-5982-4c58-b243-5e9cd88d9fe9,,3,APARTMENT,4 BHK,3075 Sq Ft,,,,false,false,,,,,,,,AVAILABLE,
2ed884d0-4de0-49e3-85ba-d61ba7a1c0e1,165ef67e-ef7b-4dde-9a9b-817a92875500,,1,RETAIL,Lower Ground,500 SQ.FT,,,,false,false,,,,,,,,AVAILABLE,
2edebf01-6361-430c-9898-509058ef0832,0ef5cdef-6f02-4591-a386-553534d6cce0,,4BHK-LG,APARTMENT,4 BHK,1702-2008 sq.ft,,,,false,false,,,,,,,,AVAILABLE,
2ee1d190-54fd-4f6b-ad4f-c8a899751e2a,ae24318b-3030-428a-94f6-c9c93e7789f6,,6,APARTMENT,GF,6494 SQ.FT,,,,false,false,,,,,,,,AVAILABLE,
3032dad5-da1d-4e85-a9e3-6e57c0885ca9,21f65c22-0ac4-4e2e-92df-029afe926330,,4,APARTMENT,4BHK,3039 SQ.FT,,,,false,false,,,,,,,,AVAILABLE,
30b70396-d2f0-44ea-8d78-2d7028126169,06e0aa61-ef5c-4892-beec-a5a1df6ec52c,,2,APARTMENT,2BHK,1244 SQ.FT,,,,false,false,,,,,,,,AVAILABLE,
3166bbf3-de48-4932-b3e3-594d249021e1,049251cb-0089-4e71-8624-88c23074f082,,11,APARTMENT,4BHK +SQ,3532 SQ.FT,,,,false,false,,,,,,,,AVAILABLE,
32920f11-8722-4130-9f5e-4cbd7ba01249,b78f7b94-2629-4566-b8a8-a14b578d3434,,1,APARTMENT,3BHK,2200 SQ.FT,,,,false,false,,,,,,,,AVAILABLE,
32ed7804-2b08-4900-b36b-eac71acdfd03,f9b16292-de07-471d-9d9c-d9f92bd44692,,Unit Type-9,APARTMENT,3.5 BHK+Utility,2736 SQ.FT,,,,false,false,,,,,,,,AVAILABLE,
33d717ca-8a0c-484e-a691-81f35210b003,049251cb-0089-4e71-8624-88c23074f082,,5,APARTMENT,4BHK +SQ,4240 SQ.FT,,,,false,false,,,,,,,,AVAILABLE,
3495eaea-b2a7-485b-81e4-ffb4a941b160,ead71e2f-5982-4c58-b243-5e9cd88d9fe9,,2,APARTMENT,3 BHK,2750 Sq Ft,,,,false,false,,,,,,,,AVAILABLE,
34a821b3-c485-477c-8a44-c9b4c77eabae,d9401432-af8d-41fc-8230-594a70cc2a98,,R1 157,ANCHOR,FF,660.19,,,,false,false,,,,,,,,AVAILABLE,
36f17c77-ec51-4241-9a0b-989c42a5d39a,982ed68a-ba24-4226-b101-01e7f90de70a,,13,APARTMENT,SP6,352.50 Sq.Meter,,,,false,false,,,,,,,,AVAILABLE,
388d5a45-6131-4ba3-aeb6-d98155962ba6,8e7d9d67-660b-4099-b583-f39f14bf9a26,,1,APARTMENT,3 BHK,2780 SQ.FT,,,,false,false,,,,,,,,AVAILABLE,
3a437949-7981-4e72-a16e-0914ade10572,d9401432-af8d-41fc-8230-594a70cc2a98,,R1 LG 29,ANCHOR,LG,391.09,,,,false,false,,,,,,,,AVAILABLE,
3f4883a0-5126-40df-adbd-ae797b3782f5,3fed7102-bc0c-4fe5-a6b4-b30868757223,,8,APARTMENT,"4BHK ",2400 SQ.FT,,,,false,false,,,,,,,,AVAILABLE,
4162271d-b95d-4b04-b5e0-6ca69f811db3,a44c5240-3c6f-4c6a-96ee-8ac62af3511e,,4 BHK,APARTMENT,4th Floor,3475 Sq Ft,,,,false,false,,,,,,,,AVAILABLE,
4245835b-24f8-4ccf-8fcf-ffb598557bf0,c05bb44a-4d96-4c65-9703-923dd67a4b91,,3,APARTMENT,4 BHK Small,3257 Sq.ft,,,,false,false,,,,,,,,AVAILABLE,
44271c93-06b5-461d-ae2d-aa5f6f2794eb,d2afb735-8465-414a-924f-a7226ea3319a,,"3 BHK ",APARTMENT,T8 - Type 2,2100 SQ.FT,,,,false,false,,,,,,,,AVAILABLE,
448f1748-6ba4-4009-9328-c4de1589ee32,20e1a7ff-2d5a-4bb7-b658-2b0c95a02d42,,2,APARTMENT,3BHK,2844 Sq Ft,,,,false,false,,,,,,,,AVAILABLE,
44c10aad-469c-487e-9df2-114e87d038a4,bfdbaac8-419e-473e-ae73-6edd80f14387,,2,APARTMENT,3BHK,1998 SQ.FT,,,,false,false,,,,,,,,AVAILABLE,
451e3e64-5e69-4e95-8293-2b27d763199c,bccdee7e-3f5d-4e88-a0c9-070942334caa,,2,APARTMENT,4BHK + SQ,3800 SQ.FT,,,,false,false,,,,,,,,AVAILABLE,
45491e28-31b7-41fe-9f38-2ecde4494c15,ae24318b-3030-428a-94f6-c9c93e7789f6,,1,APARTMENT,4BHK,3315 SQ.FT,,,,false,false,,,,,,,,AVAILABLE,
4601a0b6-e558-4435-a796-83667f9efcc1,049251cb-0089-4e71-8624-88c23074f082,,9,APARTMENT,4BHK +SQ,3537 SQ.FT,,,,false,false,,,,,,,,AVAILABLE,
49017d28-347d-4c30-bfc8-718aaaec1255,f9b16292-de07-471d-9d9c-d9f92bd44692,,Unit Type-7,APARTMENT,4.5 BHK+Utility,3304 SQ.FT,,,,false,false,,,,,,,,AVAILABLE,
4b8e9a6c-b07f-45c6-800d-38b797e00385,25c84bea-37cc-4a00-a8eb-a504f8a191f4,,F2-001,RETAIL,2nd Floor,700-1500,,,,false,false,,,,,,,,AVAILABLE,
4ea80936-0f54-4fb5-85a4-7ae7eb13d264,6a3994f8-8b87-441d-8d43-732f7162ac90,,12,APARTMENT,Penthouse,5900 Sq Ft,,,,false,false,,,,,,,,AVAILABLE,
50fd4d42-c118-401c-8154-3ea678d71c56,a44c5240-3c6f-4c6a-96ee-8ac62af3511e,,3 BHK,APARTMENT,3rd Floor,2440 Sq Ft,,,,false,false,,,,,,,,AVAILABLE,
516c5e4f-ee94-42b5-bc60-89c9f8426b0a,06e0aa61-ef5c-4892-beec-a5a1df6ec52c,,4,APARTMENT,3BHK,1456 SQ.FT,,,,false,false,,,,,,,,AVAILABLE,
520b5787-9494-4856-8803-d45e6f72c97e,c4348b89-26f3-4e74-9253-4a68bd32df22,,3,APARTMENT,4 BHK,6050 SQ.FT,,,,false,false,,,,,,,,AVAILABLE,
54e7c363-785f-4dd3-aacb-772efb6f4155,982ed68a-ba24-4226-b101-01e7f90de70a,,8,APARTMENT,SP1,140.90 Sq.Meter,,,,false,false,,,,,,,,AVAILABLE,
5533793f-fc48-4d58-bef2-589f388e9bce,982ed68a-ba24-4226-b101-01e7f90de70a,,9,APARTMENT,SP2,228.88 Sq.Meter,,,,false,false,,,,,,,,AVAILABLE,
555f9a86-8c0d-497f-8bc9-5272e2b37bfc,37aab4b2-99cd-4d22-9d89-a29e1c2868c4,,2,APARTMENT,4BHK,2346 SQ.FT,,,,false,false,,,,,,,,AVAILABLE,
55a491bd-503e-4a75-b9c5-31de71795941,f9b16292-de07-471d-9d9c-d9f92bd44692,,Unit Type-17,APARTMENT,4.5 BHK+Utility,3150 SQ.FT,,,,false,false,,,,,,,,AVAILABLE,
5805eba5-8c4b-46e6-866a-242998862afb,90c0031f-c707-4bed-b8f7-75f690c2b088,,1,APARTMENT,3.5BHK+SQ,2945 SQ.FT,,,,false,false,,,,,,,,AVAILABLE,
5811d3dc-838e-4517-950c-31d55207c82c,5ff0bc90-310e-4041-b86c-812b13c5bdad,,Head Unit,APARTMENT,4 BHK,4640 Sq Ft,,,,false,false,,,,,,,,AVAILABLE,
581fe89a-9abe-42cb-b15f-65a4a30acb32,bccdee7e-3f5d-4e88-a0c9-070942334caa,,4,APARTMENT,Penthouse ,7700  SQ.FT,,,,false,false,,,,,,,,AVAILABLE,
589aef80-9d95-4307-9bdf-a8f9766463e6,3fed7102-bc0c-4fe5-a6b4-b30868757223,,9,APARTMENT,4BHK + UTILITY,2570 SQ.FT,,,,false,false,,,,,,,,AVAILABLE,
5a5ea313-5eb9-4a89-a0e1-c43a73b7ed36,982ed68a-ba24-4226-b101-01e7f90de70a,,14,APARTMENT,SP7,402.57 Sq.Meter,,,,false,false,,,,,,,,AVAILABLE,
5b895a23-23ed-485a-a7c1-d00ba1277e71,ae24318b-3030-428a-94f6-c9c93e7789f6,,2,APARTMENT,4BHK,4079 SQ.FT,,,,false,false,,,,,,,,AVAILABLE,
5c6657d3-e62c-4e8c-9e60-35d84d50f83b,2a2c45d5-0f68-459c-a286-0509b7bb6073,,4,APARTMENT,4BHK,2630 SQ.FT,,,,false,false,,,,,,,,AVAILABLE,
5cbb89b3-702e-4a29-8d53-251b3661bb8c,bd535d19-6a06-45cc-a692-3d56849d8e89,,3,APARTMENT,4 BHK+SQ,3500 SQFT,,,,false,false,,,,,,,,AVAILABLE,
5d165d2b-d001-4445-aa82-3f92c5a98b5e,25c84bea-37cc-4a00-a8eb-a504f8a191f4,,F3-002,MULTIPLEX,3rd & 4th Floor,9000-12500,,,,false,false,,,,,,,,AVAILABLE,
5efffb99-9885-45d9-8534-f87575be9ccf,3fed7102-bc0c-4fe5-a6b4-b30868757223,,10,APARTMENT,4BHK + STUDY,2670 SQ.FT,,,,false,false,,,,,,,,AVAILABLE,
5fa5acad-6c5c-4e86-be94-a2eb2362a98e,d9401432-af8d-41fc-8230-594a70cc2a98,,R1 LG 33,ANCHOR,LG,424.58,,,,false,false,,,,,,,,AVAILABLE,
5ff164dc-c301-4b87-9bfe-161fb6f09686,165ef67e-ef7b-4dde-9a9b-817a92875500,,3,RETAIL,First Floor,300 - 1200 SQ.FT,,,,false,false,,,,,,,,AVAILABLE,
6061174c-2a1e-445d-a9d3-99e16ac41875,5ff0bc90-310e-4041-b86c-812b13c5bdad,,Penthouse WingUnit ,APARTMENT,"5BHK ",9470 Sq. FT,,,,false,false,,,,,,,,AVAILABLE,
60884447-7085-4901-982a-23a0e8885f5f,6a3994f8-8b87-441d-8d43-732f7162ac90,,11,APARTMENT,Penthouse,5620 Sq Ft,,,,false,false,,,,,,,,AVAILABLE,
60f4a7c3-640a-479e-98a1-63752a8b435b,d9401432-af8d-41fc-8230-594a70cc2a98,,R1 LG 34,ANCHOR,LG,498.97,,,,false,false,,,,,,,,AVAILABLE,
60feab11-11d7-46d4-a945-2261a7518a49,982ed68a-ba24-4226-b101-01e7f90de70a,,11,APARTMENT,SP4,280.00 Sq.Meter,,,,false,false,,,,,,,,AVAILABLE,
62162c92-2279-41d6-a039-0bbc8aca4404,728db93d-8501-488a-a01b-8917095530a1,,3,APARTMENT,4 BHK,3279 Sq.ft,,,,false,false,,,,,,,,AVAILABLE,
65ea8546-bfd5-4f3a-b616-1c96bdc156b0,049251cb-0089-4e71-8624-88c23074f082,,3,APARTMENT,3BHK +SQ,2847 SQ.FT,,,,false,false,,,,,,,,AVAILABLE,
67b1b1ea-3e76-42be-b7a8-37e8737784f3,165ef67e-ef7b-4dde-9a9b-817a92875500,,4,RETAIL,2nd Floor,750 - 1200 SQ.FT,,,,false,false,,,,,,,,AVAILABLE,
6a1e9ec1-6970-43a9-ad6f-13b81c3b0a0b,982ed68a-ba24-4226-b101-01e7f90de70a,,7,APARTMENT,G,218.75 Sq.Meter,,,,false,false,,,,,,,,AVAILABLE,
6af98af0-e821-47ef-baa0-c06f7a057dd9,c05bb44a-4d96-4c65-9703-923dd67a4b91,,4,APARTMENT,4 BHK Large,3562 Sq.ft,,,,false,false,,,,,,,,AVAILABLE,
6b370965-e480-4bc3-acc8-20fdf2f5172c,7dd8456b-dfd9-4960-bf55-5f165feaf48e,,4,APARTMENT,5BHK,6300 SQ.FT,,,,false,false,,,,,,,,AVAILABLE,
6bc99c01-97ae-47b9-986b-683b1e768b80,8853edc1-08b4-4512-b7d8-5e10800896fe,,1,APARTMENT,3BHK,2642 SQ.FT,,,,false,false,,,,,,,,AVAILABLE,
6d51b844-865d-4812-9ee6-a95d1f96d70b,f9b16292-de07-471d-9d9c-d9f92bd44692,,Unit Type-19,APARTMENT,4.5 BHK+Utility,3016 SQ.FT,,,,false,false,,,,,,,,AVAILABLE,
6ff1e19b-7c4c-4048-abc6-6c762492d030,20e1a7ff-2d5a-4bb7-b658-2b0c95a02d42,,4,APARTMENT,4BHK,3531 Sq Ft,,,,false,false,,,,,,,,AVAILABLE,
70988af8-9c1c-422f-93df-6d78af615cc5,5ff0bc90-310e-4041-b86c-812b13c5bdad,," Wing Unit ",APARTMENT,5BHK,5444 Sq Ft,,,,false,false,,,,,,,,AVAILABLE,
72ef840b-ba37-4365-a31c-1d9223c0ba95,7dd8456b-dfd9-4960-bf55-5f165feaf48e,,1,APARTMENT,3bhk,3150 SQ.FT,,,,false,false,,,,,,,,AVAILABLE,
73592434-dd51-42fb-aea3-8c2a8c584559,2a2c45d5-0f68-459c-a286-0509b7bb6073,,1,APARTMENT,2BHK,1420 SQ.FT,,,,false,false,,,,,,,,AVAILABLE,
741b7f89-9e74-4d90-80ca-a8fa11f9154f,f9b16292-de07-471d-9d9c-d9f92bd44692,,Unit Type-14,APARTMENT,3.5 BHK+Utility,2465 SQ.FT,,,,false,false,,,,,,,,AVAILABLE,
7505fa05-6739-4407-bed3-6102ef41e9e5,8b6a09f7-9696-4811-ad43-bad1dea5f324,,2,APARTMENT,4BHK,5472 SQ.FT,,,,false,false,,,,,,,,AVAILABLE,
7553bf63-ddf2-4765-b609-b682f3711f35,bd535d19-6a06-45cc-a692-3d56849d8e89,,4,APARTMENT,4 BHK+SQ,4329 SQFT,,,,false,false,,,,,,,,AVAILABLE,
757adce4-48c6-47fe-ab80-7e675c1d3f53,d9401432-af8d-41fc-8230-594a70cc2a98,,R1 161,ANCHOR,FF,662.58,,,,false,false,,,,,,,,AVAILABLE,
75a876d8-ef43-4382-b3b8-184f05d895ee,f9b16292-de07-471d-9d9c-d9f92bd44692,,Unit Type-18,APARTMENT,4.5 BHK+Utility,3108 SQ.FT,,,,false,false,,,,,,,,AVAILABLE,
7707d4bb-cd52-4386-a64d-2e52b9c261e1,986e025d-5bf1-4c5d-90b9-2c5bda59d34a,,Service Apartment,APARTMENT,Sixth Floor,918,,,,false,false,,,,,,,,AVAILABLE,
7a58c7f8-7651-45ef-bcce-945f0952ba8d,bfdbaac8-419e-473e-ae73-6edd80f14387,,6,APARTMENT,4BHK,2443 SQ.FT,,,,false,false,,,,,,,,AVAILABLE,
7dad6e1d-e1ad-4213-acec-bd95ec218713,165ef67e-ef7b-4dde-9a9b-817a92875500,,2,RETAIL,Ground Floor,300 - 1200 SQ.FT,,,,false,false,,,,,,,,AVAILABLE,
7e23602e-95f6-49be-979e-7247b430284a,b78f7b94-2629-4566-b8a8-a14b578d3434,,2,APARTMENT,3BHK,2400 SQ.FT,,,,false,false,,,,,,,,AVAILABLE,
7fb32e8a-ca50-478f-b9f0-34b883ad3e13,491d8e64-e144-40cd-bf4b-0273fc49acf7,,1,APARTMENT,4 BHK + Lounge,3712 Sq.ft,,,,false,false,,,,,,,,AVAILABLE,
80874c67-ebd0-44aa-9758-8b39291d2f0e,d0e6ac5d-365e-4efb-87da-97f37581be3a,,1,APARTMENT,4BHK,3977 SQ.FT,,,,false,false,,,,,,,,AVAILABLE,
81f62101-a8ce-446c-a881-94ecc2823d33,5ff0bc90-310e-4041-b86c-812b13c5bdad,,"Head Unit ",APARTMENT,"5BHK ",5891 Sq Ft,,,,false,false,,,,,,,,AVAILABLE,
82e2916f-2e9b-4c75-912f-52dc5eba1ed5,982ed68a-ba24-4226-b101-01e7f90de70a,,4,APARTMENT,D,133.70 Sq.Meter,,,,false,false,,,,,,,,AVAILABLE,
8408711e-f93e-448f-af74-7b53fe8d8114,f9b16292-de07-471d-9d9c-d9f92bd44692,,Unit Type-10,APARTMENT,3.5 BHK+Utility,2585 SQ.FT,,,,false,false,,,,,,,,AVAILABLE,
851c2e49-9c7c-4fe7-89ac-9403e9db6ed1,982ed68a-ba24-4226-b101-01e7f90de70a,,2,APARTMENT,B,124.60 Sq.Meter,,,,false,false,,,,,,,,AVAILABLE,
8730f26e-6b55-4d89-89c1-2e517ea23648,6a3994f8-8b87-441d-8d43-732f7162ac90,,6,APARTMENT,4.5 BHK,3000 Sq Ft,,,,false,false,,,,,,,,AVAILABLE,
88132259-4b11-4ccd-94c2-9a763571d8a5,06e0aa61-ef5c-4892-beec-a5a1df6ec52c,,6,APARTMENT,4BHK,1901 SQ.FT,,,,false,false,,,,,,,,AVAILABLE,
8883bb17-a529-40c0-a1b4-d8c33a45aae2,e59debce-1f67-4a5f-ab7e-613fe1441982,,5,APARTMENT,3BHK TYPE 1,1272 SQ.FT,,,,false,false,,,,,,,,AVAILABLE,
8a117f2b-ea74-4715-8b65-957676cfb3ad,37aab4b2-99cd-4d22-9d89-a29e1c2868c4,,1,APARTMENT,3BHK,1765 SQ.FT,,,,false,false,,,,,,,,AVAILABLE,
8be75080-5142-4c92-bde9-620ce10fd023,20e1a7ff-2d5a-4bb7-b658-2b0c95a02d42,,3,APARTMENT,3BHK,2802 Sq Ft,,,,false,false,,,,,,,,AVAILABLE,
8c201339-e775-409e-8a48-11a6d5a0a077,5ff0bc90-310e-4041-b86c-812b13c5bdad,,"Penthouse WingUnit ",APARTMENT,"4BHK ",7225 Sq Ft,,,,false,false,,,,,,,,AVAILABLE,
8df613df-a817-4abe-991c-a669686e593a,165ef67e-ef7b-4dde-9a9b-817a92875500,,5,RETAIL,3rd Floor,700 - 800 SQ.FT,,,,false,false,,,,,,,,AVAILABLE,
90135025-1faa-42bc-8f73-0b87f049bfac,f9b16292-de07-471d-9d9c-d9f92bd44692,,Unit Type-14,APARTMENT,4.5 BHK+Utility,3101 SQ.FT,,,,false,false,,,,,,,,AVAILABLE,
90803eb5-7af7-4b97-93c7-553759d203cb,a44c5240-3c6f-4c6a-96ee-8ac62af3511e,,3 BHK,APARTMENT,2nd Floor,2282 Sq Ft,,,,false,false,,,,,,,,AVAILABLE,
927e3c5e-93ad-472f-a319-d9d0b597b6d1,6a3994f8-8b87-441d-8d43-732f7162ac90,,7,APARTMENT,4.5 BHK,3415 Sq Ft,,,,false,false,,,,,,,,AVAILABLE,
94dddfa6-f12e-4332-aafa-00c1a6af6cd8,8853edc1-08b4-4512-b7d8-5e10800896fe,,2,APARTMENT,3BHK,2957 SQ.FT,,,,false,false,,,,,,,,AVAILABLE,
95d0e0b6-21d6-45a9-a530-2e5094a3a2d4,25c84bea-37cc-4a00-a8eb-a504f8a191f4,,F1-001,RETAIL,1st Floor,700-1500,,,,false,false,,,,,,,,AVAILABLE,
9638ee11-592c-47d8-8d8b-eaa3fa795ae6,6b799d00-5a0b-4a72-be56-4bd7c78352b0,,2,APARTMENT,3BHK,2945 Sq.ft,,,,false,false,,,,,,,,AVAILABLE,
96b07543-8dcc-4470-9e45-3d3a0929d07a,f9b16292-de07-471d-9d9c-d9f92bd44692,,Unit Type-16,APARTMENT,4.5 BHK+Utility,3154 SQ.FT,,,,false,false,,,,,,,,AVAILABLE,
9ae5219b-00ca-455f-8ec5-0ec831608ced,ae24318b-3030-428a-94f6-c9c93e7789f6,,4,APARTMENT,4BHK,3291 SQ.FT,,,,false,false,,,,,,,,AVAILABLE,
9b04886d-f7e3-47d8-b280-da1b158bca9e,8b6a09f7-9696-4811-ad43-bad1dea5f324,,1,APARTMENT,4BHK,3577 SQ.FT,,,,false,false,,,,,,,,AVAILABLE,
9c67e4e0-577c-41ca-b3b4-a0a8014208e9,21f65c22-0ac4-4e2e-92df-029afe926330,,1,APARTMENT,2BHK,1500 SQ.FT,,,,false,false,,,,,,,,AVAILABLE,
9de143ab-defe-493c-9f1d-14a6aeaded39,982ed68a-ba24-4226-b101-01e7f90de70a,,6,APARTMENT,F,168.75 Sq.Meter,,,,false,false,,,,,,,,AVAILABLE,
9e653484-9d19-418e-8c71-8f186aaed72f,21f65c22-0ac4-4e2e-92df-029afe926330,,3,APARTMENT,3BHK,2262 SQ.FT,,,,false,false,,,,,,,,AVAILABLE,
9ecc8403-85b2-4d64-9fcc-c65927b9bd70,e59debce-1f67-4a5f-ab7e-613fe1441982,,4,APARTMENT,3 BHK TYPE 2,1270 SQ.FT,,,,false,false,,,,,,,,AVAILABLE,
a01308c7-833e-462f-99b6-846260dfa625,986e025d-5bf1-4c5d-90b9-2c5bda59d34a,,LGF Shop,RETAIL,Lower Ground,699,,,,false,false,,,,,,,,AVAILABLE,
a1ee25ac-6c68-43e4-b717-f4656234088f,d2afb735-8465-414a-924f-a7226ea3319a,,"3 BHK ",APARTMENT,"T8 - Type 1 ",2100 SQ.FT,,,,false,false,,,,,,,,AVAILABLE,
a2bd8ba9-674d-4d11-90ba-4deaae891819,6a3994f8-8b87-441d-8d43-732f7162ac90,,10,APARTMENT,Penthouse,4290 Sq Ft,,,,false,false,,,,,,,,AVAILABLE,
a3ffc3e5-9194-4328-b78c-702cbaf6086e,d9401432-af8d-41fc-8230-594a70cc2a98,,R1 LG 30,ANCHOR,LG,477.44,,,,false,false,,,,,,,,AVAILABLE,
a434b712-4e64-4254-848e-92e5c42822cb,6a3994f8-8b87-441d-8d43-732f7162ac90,,3,APARTMENT,3.5 BHK,2080 Sq Ft,,,,false,false,,,,,,,,AVAILABLE,
a5fa0345-c7f8-4d0d-b2ef-05bef4f767d3,21f65c22-0ac4-4e2e-92df-029afe926330,,2,APARTMENT,3BHK,2212 SQ.FT,,,,false,false,,,,,,,,AVAILABLE,
a6ac1a6e-e947-4dbf-91cc-80a6fcef113e,0ef5cdef-6f02-4591-a386-553534d6cce0,,4BHK-3T,APARTMENT,4 BHK,1702-2008 sq.ft,,,,false,false,,,,,,,,AVAILABLE,
a82394a9-de7c-4260-a8a0-4ba7c7301120,60fb584b-a3b6-4ade-9adb-8eb02508682d,,3,APARTMENT,4bhk,2079 Sq.ft,,,,false,false,,,,,,,,AVAILABLE,
a82dfb56-2574-44a7-bffa-789c2ace05d0,049251cb-0089-4e71-8624-88c23074f082,,4,APARTMENT,4BHK +SQ,4285 SQ.FT,,,,false,false,,,,,,,,AVAILABLE,
a88a3903-c523-45db-b5f1-2ee1a8932521,491d8e64-e144-40cd-bf4b-0273fc49acf7,,2,APARTMENT,4 BHK + Lounge,3755 Sq.ft,,,,false,false,,,,,,,,AVAILABLE,
a9a00694-6f4a-4822-9c70-85f15b262f7b,3fed7102-bc0c-4fe5-a6b4-b30868757223,,4,APARTMENT,"3BHK ",1895 SQ.FT,,,,false,false,,,,,,,,AVAILABLE,
a9f23090-6c80-4d73-bc81-6dc7f17093c2,3fed7102-bc0c-4fe5-a6b4-b30868757223,,7,APARTMENT,4BHK + UTILITY,2305 SQ.FT,,,,false,false,,,,,,,,AVAILABLE,
aa619928-e748-49db-8547-e29b84a52934,6abc2559-f9b4-4173-97fe-9b5e70f47bb1,,1,APARTMENT,3 BHK + SQ,2745 SQ.FT,,,,false,false,,,,,,,,AVAILABLE,
ac75ec5c-6e68-4323-97f0-387643b9aeb7,6a3994f8-8b87-441d-8d43-732f7162ac90,,9,APARTMENT,4.5 BHK,3230 Sq Ft,,,,false,false,,,,,,,,AVAILABLE,
b001319d-becf-4fe3-9d39-557ce7b8e025,25c84bea-37cc-4a00-a8eb-a504f8a191f4,,F3-001,FOOD_COURT,3rd & 4th Floor,700-1500,,,,false,false,,,,,,,,AVAILABLE,
b04c4ed5-6124-48cc-be18-2a792b7710d7,982ed68a-ba24-4226-b101-01e7f90de70a,,5,APARTMENT,E,134.39 Sq.Meter,,,,false,false,,,,,,,,AVAILABLE,
b26c2062-72b2-4d29-942e-7f9935517bb0,d6239c57-d7ed-4da1-84cc-3330b1ea324c,,4,RETAIL,Second Floor,373 - 3201 SQ.FT,,,,false,false,,,,,,,,AVAILABLE,
b3fa9c51-fc66-48bf-941f-2611b0bbf9db,25c84bea-37cc-4a00-a8eb-a504f8a191f4,,G-001,RETAIL,Ground Floor,1200-2700,,,,false,false,,,,,,,,AVAILABLE,
b4464fba-2f5a-4007-93d2-e20a5dd6eecd,c05bb44a-4d96-4c65-9703-923dd67a4b91,,1,APARTMENT,3 BHK Small,2407 Sq.ft,,,,false,false,,,,,,,,AVAILABLE,
b6ee7bfd-9543-415d-a3c4-0d78c60e8bd7,f9b16292-de07-471d-9d9c-d9f92bd44692,,Unit Type-15,APARTMENT,4.5 BHK+Utility,3006 SQ.FT,,,,false,false,,,,,,,,AVAILABLE,
b9d5ae98-1dcb-42a3-9c96-05df83f538f7,7dd8456b-dfd9-4960-bf55-5f165feaf48e,,2,APARTMENT,3bhk,3600 SQ.FT,,,,false,false,,,,,,,,AVAILABLE,
ba85d36a-c25e-4d80-ab68-1ed80a10db3c,ead71e2f-5982-4c58-b243-5e9cd88d9fe9,,1,APARTMENT,3 BHK,2450 Sq Ft,,,,false,false,,,,,,,,AVAILABLE,
be9b462b-37a8-4685-af9e-ac50bfa90a2c,c05bb44a-4d96-4c65-9703-923dd67a4b91,,2,APARTMENT,3 BHK Large,2624 Sq.ft,,,,false,false,,,,,,,,AVAILABLE,
bfcd7c15-4a59-43c2-9366-fa34a3a2d123,8853edc1-08b4-4512-b7d8-5e10800896fe,,3,APARTMENT,4BHK,3380 SQ.FT,,,,false,false,,,,,,,,AVAILABLE,
c0b2d7dd-acd7-41b2-a22c-a051c18ffbe5,d6239c57-d7ed-4da1-84cc-3330b1ea324c,,1,RETAIL,Ground Floor,373 - 3201 SQ.FT,,,,false,false,,,,,,,,AVAILABLE,
c0f08eb8-7a07-4fa2-920e-f247f2b582a3,e59debce-1f67-4a5f-ab7e-613fe1441982,,1,APARTMENT,2 BHK TYPE 2,908 SQ.FT,,,,false,false,,,,,,,,AVAILABLE,
c1e0f64b-9e1d-427e-90b1-ee734fe42866,06e0aa61-ef5c-4892-beec-a5a1df6ec52c,,5,APARTMENT,4BHK,1895 SQ.FT,,,,false,false,,,,,,,,AVAILABLE,
c42046c7-b5d0-4a1a-8de6-756cf5d6a9ee,90c0031f-c707-4bed-b8f7-75f690c2b088,,2,APARTMENT,3.5BHK+SQ,3035 SQ.FT,,,,false,false,,,,,,,,AVAILABLE,
c4964913-8e34-4b80-9510-f5841fa8138a,25c84bea-37cc-4a00-a8eb-a504f8a191f4,,LG-001,ANCHOR,Lower Ground,300-600,,,,false,false,,,,,,,,AVAILABLE,
c55812fc-4c65-4ff2-b32d-2c8f2223cfad,bccdee7e-3f5d-4e88-a0c9-070942334caa,,1,APARTMENT,3BHK + SQ,2800 SQ.FT,,,,false,false,,,,,,,,AVAILABLE,
c729793f-5861-435c-91a6-28fb9bc91eff,ead71e2f-5982-4c58-b243-5e9cd88d9fe9,,6,APARTMENT,"5BHK ",4495 Sq Ft,,,,false,false,,,,,,,,AVAILABLE,
c7a38ba3-0e54-4a03-b9a0-f76f816ef8d8,3fed7102-bc0c-4fe5-a6b4-b30868757223,,6,APARTMENT,3BHK,2170 SQ.FT,,,,false,false,,,,,,,,AVAILABLE,
c908f1db-e91a-4ec3-8d7e-dc94018e5b6e,728db93d-8501-488a-a01b-8917095530a1,,1,APARTMENT,3 BHK,2355 SQ.ft,,,,false,false,,,,,,,,AVAILABLE,
cbc2eb35-95a2-441b-9cdc-5a26ee6bd0b0,06e0aa61-ef5c-4892-beec-a5a1df6ec52c,,1,APARTMENT,2 BHK,1239 SQ.FT,,,,false,false,,,,,,,,AVAILABLE,
cbc8b113-3bf2-4d01-8a87-7b9abb13aa2f,982ed68a-ba24-4226-b101-01e7f90de70a,,1,APARTMENT,A,118.58 Sq.Meter,,,,false,false,,,,,,,,AVAILABLE,
cbd1b97a-57fe-4281-bdbf-26b0d6c64d30,f9b16292-de07-471d-9d9c-d9f92bd44692,,Unit Type-13,APARTMENT,4.5 BHK+Utility,3058 SQ.FT,,,,false,false,,,,,,,,AVAILABLE,
cd066b31-421c-4b86-bbd5-4246dfd06928,6b1c33af-b1a9-49a4-a9ca-6fa3545214f2,,1,APARTMENT,3 BHK,2013 SQ.FT,,,,false,false,,,,,,,,AVAILABLE,
ced6a706-ce09-40dc-a6b7-968195052357,d0e6ac5d-365e-4efb-87da-97f37581be3a,,2,APARTMENT,5BHK Penthouse,7714 SQ.FT,,,,false,false,,,,,,,,AVAILABLE,
d00fa513-0ce9-454a-b80c-9ed512aff25b,0d428cdd-2dcd-46ea-85ec-98471e318483,,2,APARTMENT,3bhk+utility,1437 SQ.FT,,,,false,false,,,,,,,,AVAILABLE,
d157e584-3227-4074-8684-4851b8ad303f,ef4d244d-fb32-42d7-a4be-0f515c4ed2c8,,1,APARTMENT,4BHK,4750 SQ.FT,,,,false,false,,,,,,,,AVAILABLE,
d25fe642-b519-4386-90c4-07ee360635f6,f9b16292-de07-471d-9d9c-d9f92bd44692,,Unit Type-12,APARTMENT,3.5 BHK+Utility,2533 SQ.FT,,,,false,false,,,,,,,,AVAILABLE,
d42ee9bd-3e86-480b-aab8-b869cb56d1dd,bd535d19-6a06-45cc-a692-3d56849d8e89,,2,APARTMENT,3 BHK+SQ,2945 SQFT,,,,false,false,,,,,,,,AVAILABLE,
d479f7b9-f374-4bbc-84c1-de65d696b997,bfdbaac8-419e-473e-ae73-6edd80f14387,,3,APARTMENT,3BHK,2087 SQ.FT,,,,false,false,,,,,,,,AVAILABLE,
d4afafd8-bd0b-464e-8d89-33b3090c11f3,6a3994f8-8b87-441d-8d43-732f7162ac90,,4,APARTMENT,4.5 BHK,2700 Sq Ft,,,,false,false,,,,,,,,AVAILABLE,
d4c03d79-9aa7-46ff-9d2f-75c7a8852bfb,60fb584b-a3b6-4ade-9adb-8eb02508682d,,1,APARTMENT,3bhk Small,1183 - 1216 Sq.ft,,,,false,false,,,,,,,,AVAILABLE,
d67c66d4-d0a1-411f-a0b4-77d2fc13c77f,2a2c45d5-0f68-459c-a286-0509b7bb6073,,2,APARTMENT,3BHK,1900 SQ.FT,,,,false,false,,,,,,,,AVAILABLE,
d709da96-fba1-408d-94e2-3bb4a612a033,ae24318b-3030-428a-94f6-c9c93e7789f6,,5,APARTMENT,GF,7104 SQ.FT,,,,false,false,,,,,,,,AVAILABLE,
da3b298f-7059-4480-be89-b5674e4afe5b,f9b16292-de07-471d-9d9c-d9f92bd44692,,Unit Type-11,APARTMENT,4.5 BHK+Utility,3006 SQ.FT,,,,false,false,,,,,,,,AVAILABLE,
da57054a-9a7d-47ab-858e-1a98375d4541,8eab2ac6-fbc3-450e-b4a9-16ae669df765,,1,APARTMENT,3 Bed Residences,3091 SQ.FT,,,,false,false,,,,,,,,AVAILABLE,
daa024b8-d9a3-42d5-8dde-6d2f50e58c8e,e59debce-1f67-4a5f-ab7e-613fe1441982,,3,APARTMENT,3 BHK TYPE 3,1270 SQ.FT,,,,false,false,,,,,,,,AVAILABLE,
dcb0cdf7-90dc-41e1-bc65-4be414fa8e6b,f9b16292-de07-471d-9d9c-d9f92bd44692,,Unit Type-10,APARTMENT,4.5 BHK+Utility,3069 SQ.FT,,,,false,false,,,,,,,,AVAILABLE,
dcc46139-690f-47e0-91fd-13e10f3fa5d5,bccdee7e-3f5d-4e88-a0c9-070942334caa,,3,APARTMENT,4BHK + SQ + Studay,4800 SQ.FT,,,,false,false,,,,,,,,AVAILABLE,
dceb71f8-2e2d-46d9-b823-4e778d33b709,3fed7102-bc0c-4fe5-a6b4-b30868757223,,2,APARTMENT,3BHK,1665 SQ.FT,,,,false,false,,,,,,,,AVAILABLE,
de2348ef-c257-4d4f-85b7-e4129593750d,728db93d-8501-488a-a01b-8917095530a1,,2,APARTMENT,3.5 BHK,2690 Sq.ft,,,,false,false,,,,,,,,AVAILABLE,
df19a326-e80f-422b-b07e-e778730a3456,6b799d00-5a0b-4a72-be56-4bd7c78352b0,,1,APARTMENT,3BHK,2858 Sq.ft,,,,false,false,,,,,,,,AVAILABLE,
dfbda514-2ee3-4b76-970a-b3bb38688a6c,f9b16292-de07-471d-9d9c-d9f92bd44692,,Unit Type-11,APARTMENT,3.5 BHK+Utility,2450 SQ.FT,,,,false,false,,,,,,,,AVAILABLE,
e28741fc-5629-429a-af30-b080c7d674ed,982ed68a-ba24-4226-b101-01e7f90de70a,,3,APARTMENT,C,140.0 Sq.Meter,,,,false,false,,,,,,,,AVAILABLE,
e30a1ecf-e866-40e2-bcef-28b00e34e957,3fed7102-bc0c-4fe5-a6b4-b30868757223,,5,APARTMENT,3BHK + UTILITY,2080 SQ.FT,,,,false,false,,,,,,,,AVAILABLE,
e35003cf-7c91-4924-bec1-8f2322c506eb,f9b16292-de07-471d-9d9c-d9f92bd44692,,Unit Type-15,APARTMENT,3.5 BHK+Utility,2450 SQ.FT,,,,false,false,,,,,,,,AVAILABLE,
e4345cc5-6751-4a3e-807b-2bcf9516f543,7a117c0f-16eb-4536-a0a6-028271a06f3b,,1,APARTMENT,3BHK,2833 SQ.FT,,,,false,false,,,,,,,,AVAILABLE,
e4967c99-0b0c-4d67-a8e7-d11981201fb2,d2afb735-8465-414a-924f-a7226ea3319a,,"3 BHK ",APARTMENT,T6 - Type 1,2100 SQ.FT,,,,false,false,,,,,,,,AVAILABLE,
e6d3b2fa-6654-4f33-95e9-6418401a7539,d6239c57-d7ed-4da1-84cc-3330b1ea324c,,2,RETAIL,Lower Ground Floor,373 - 3201 SQ.FT,,,,false,false,,,,,,,,AVAILABLE,
e7bd097b-c7d5-4eb8-b8e9-ec8897a28c67,f9b16292-de07-471d-9d9c-d9f92bd44692,,Unit Type-16,APARTMENT,3.5 BHK+Utility,2585 SQ.FT,,,,false,false,,,,,,,,AVAILABLE,
e7c6a493-ad11-46ec-b048-ac337d97baae,ae24318b-3030-428a-94f6-c9c93e7789f6,,7,APARTMENT,GF,6483 SQ.FT,,,,false,false,,,,,,,,AVAILABLE,
e83a1b18-be63-4f18-a2d8-01638fa59281,f9b16292-de07-471d-9d9c-d9f92bd44692,,Unit Type-6,APARTMENT,4.5 BHK+Utility,3016 SQ.FT,,,,false,false,,,,,,,,AVAILABLE,
e8aa67dc-708d-4d87-b3ba-73d863339eef,7dd8456b-dfd9-4960-bf55-5f165feaf48e,,3,APARTMENT,4Bhk,4500 SQ.FT,,,,false,false,,,,,,,,AVAILABLE,
e9edd610-3c8d-42d4-ae5e-654469e5064c,6a3994f8-8b87-441d-8d43-732f7162ac90,,2,APARTMENT,3.5 BHK,2310 Sq Ft,,,,false,false,,,,,,,,AVAILABLE,
ec9e961e-0e77-4745-a8fe-36b0974838ff,6a3994f8-8b87-441d-8d43-732f7162ac90,,1,APARTMENT,3.5 BHK,2342 Sq Ft,,,,false,false,,,,,,,,AVAILABLE,
ecbd7805-3477-4730-ae26-669d54250cd4,e59debce-1f67-4a5f-ab7e-613fe1441982,,2,APARTMENT,2 BHK TYPE 1,908 SQ.FT,,,,false,false,,,,,,,,AVAILABLE,
ed99c630-721e-486e-b736-004089869b6a,90c0031f-c707-4bed-b8f7-75f690c2b088,,4,APARTMENT,4.5BHK+SQ,3660 SQ.FT,,,,false,false,,,,,,,,AVAILABLE,
ee4de829-988a-4281-9bfb-f405782f020c,049251cb-0089-4e71-8624-88c23074f082,,10,APARTMENT,4BHK +SQ,3595 SQ.FT,,,,false,false,,,,,,,,AVAILABLE,
ee51b496-3899-4293-81d1-5ce7d728e184,3fed7102-bc0c-4fe5-a6b4-b30868757223,,3,APARTMENT,3BHK + STUDY,1825 SQ.FT,,,,false,false,,,,,,,,AVAILABLE,
eedc12a5-1ddb-49e9-b770-6a8b6a3c9394,90c0031f-c707-4bed-b8f7-75f690c2b088,,3,APARTMENT,4.BHK+SQ,3505 SQ.FT,,,,false,false,,,,,,,,AVAILABLE,
ef283b32-f579-4418-a671-76b034812dc3,982ed68a-ba24-4226-b101-01e7f90de70a,,16,APARTMENT,SP8,268.78 Sq.Meter,,,,false,false,,,,,,,,AVAILABLE,
ef4fb857-d123-422a-945e-b4bb60efd0e0,3fed7102-bc0c-4fe5-a6b4-b30868757223,,1,APARTMENT,3 BHK,1605 SQ.FT,,,,false,false,,,,,,,,AVAILABLE,
efd87796-e7d9-4508-9398-06fd84d4536a,7a117c0f-16eb-4536-a0a6-028271a06f3b,,2,APARTMENT,4BHK,3457 SQ.FT,,,,false,false,,,,,,,,AVAILABLE,
f23a3955-be64-4e20-9b71-099af9ae0594,bd535d19-6a06-45cc-a692-3d56849d8e89,,1,APARTMENT,3 BHK+SQ,2673 SQFT,,,,false,false,,,,,,,,AVAILABLE,
f4ab00fe-5bc6-48bd-a4e4-a0af44cbf101,5ff0bc90-310e-4041-b86c-812b13c5bdad,,"Penthouse HeadUnit ",APARTMENT,"5BHK ",10347 Sq Ft,,,,false,false,,,,,,,,AVAILABLE,
f5264000-8c89-4edf-a403-c7f40d793237,c4348b89-26f3-4e74-9253-4a68bd32df22,,1,APARTMENT,3 BHK,3525 SQ.FT,,,,false,false,,,,,,,,AVAILABLE,
f546cfea-9593-4351-85aa-aa41fadcdc53,d2afb735-8465-414a-924f-a7226ea3319a,,"3 BHK ",APARTMENT,T6 - Type 2,2100 SQ.FT,,,,false,false,,,,,,,,AVAILABLE,
f8718973-35b5-494e-bb49-855d89790750,a9fb2cee-4190-4f2f-9940-8be2199e38e3,,2,APARTMENT,4 BHK,3965 Sq.ft,,,,false,false,,,,,,,,AVAILABLE,
f8ca2a04-77af-42f3-b5ff-3c1bc7724dc9,f9b16292-de07-471d-9d9c-d9f92bd44692,,Unit Type-12,APARTMENT,4.5 BHK+Utility,3055 SQ.FT,,,,false,false,,,,,,,,AVAILABLE,
f975b26c-c461-444e-a599-016c0dd56d38,491d8e64-e144-40cd-bf4b-0273fc49acf7,,3,APARTMENT,4BHK + Lounge,4270 Sq Ft,,,,false,false,,,,,,,,AVAILABLE,
fc71eb65-54c9-45cd-9356-59a7eb2362c4,049251cb-0089-4e71-8624-88c23074f082,,7,APARTMENT,4BHK +SQ,3765 SQ.FT,,,,false,false,,,,,,,,AVAILABLE,
fc932220-10f3-4750-b858-153fc0188672,bfdbaac8-419e-473e-ae73-6edd80f14387,,5,APARTMENT,4BHK,2503 SQ.FT,,,,false,false,,,,,,,,AVAILABLE,
fcbe37c8-746e-4120-8d5b-4832a63557ff,60fb584b-a3b6-4ade-9adb-8eb02508682d,,2,APARTMENT,3bhk Large,1537 - 1632 sq.ft,,,,false,false,,,,,,,,AVAILABLE,
fd7eaba5-c089-4e7a-b0ad-4fc152ee1e5d,d6239c57-d7ed-4da1-84cc-3330b1ea324c,,3,RETAIL,First Floor,373 - 3201 SQ.FT,,,,false,false,,,,,,,,AVAILABLE,